valid,filename,dataset,model,sample_size,timestamp,max_turns,temperature,seed,source,accuracy_mean,accuracy_ci_lower,accuracy_ci_upper,n_samples,split,run_name,config,model_clean,dataset_clean,condition
True,gsm8k_gpt-4o_summary_20250918_141532.csv,gsm8k,gpt-4o,8.0,20250918_141532,3,0.2,42,csv_results,0.94,0.8932180817111154,0.9867819182888845,100,,,,GPT-4o,GSM8K,Self-Correction (3-turn)
True,gsm8k_gpt-4o_summary_20250918_165320.csv,gsm8k,gpt-4o,8.0,20250918_165320,3,0.2,42,csv_results,0.864,0.8339231656464737,0.8940768343535263,500,,,,GPT-4o,GSM8K,Self-Correction (3-turn)
True,gsm8k_gpt-4o-mini_summary_20250917_152327.csv,gsm8k,gpt-4o-mini,8.0,20250917_152327,3,0.2,42,csv_results,0.3333333333333333,0.0,0.9866666666666666,3,,,,GPT-4o-mini,GSM8K,Self-Correction (3-turn)
True,gsm8k_gpt-4o-mini_summary_20250918_192858.csv,gsm8k,gpt-4o-mini,8.0,20250918_192858,3,0.2,42,csv_results,0.878,0.8492834031077122,0.9067165968922878,500,,,,GPT-4o-mini,GSM8K,Self-Correction (3-turn)
True,gsm8k_deterministic_100.json_gpt-4o-mini_summary_20250921_062034.csv,gsm8k,gpt-4o-mini,8.0,20250921_062034,3,0.2,42,csv_results,0.874,0.8534214715240802,0.8945785284759198,1000,,,,GPT-4o-mini,GSM8K,Self-Correction (3-turn)
True,,gsm8k,dev,,20250916T202243Z,1,0.2,1,runs_directory,0.0,0.0,0.0,1000,dev,20250916T202243Z__gsm8k__dev__demo-model-1__seed1__t0.2__mt1,"{'dataset': 'gsm8k', 'subset': 'subset_20', 'max_turns': 1, 'provider': 'demo', 'model': 'demo-model-1', 'seeds': [1, 2, 3], 'temperature': 0.2, 'meta': {'git_commit': '', 'harness_versions': {'evalplus_version': 'N/A', 'humaneval_harness': 'local_sandbox_v1', 'gsm8k_extractor_version': 'metrics/accuracy.py@normalize_v2'}, 'os': 'Darwin'}}",dev,GSM8K,Baseline
True,,gsm8k,dev,,20250918T162801Z,1,0.2,1,runs_directory,0.0,0.0,0.0,20,dev,20250918T162801Z__gsm8k__dev__demo-model-1__seed1__t0.2__mt1,"{'dataset': 'gsm8k', 'subset': 'subset_20', 'max_turns': 1, 'provider': 'demo', 'model': 'demo-model-1', 'seeds': [1, 2, 3], 'temperature': 0.2, 'meta': {'git_commit': '', 'harness_versions': {'evalplus_version': 'N/A', 'humaneval_harness': 'local_sandbox_v1', 'gsm8k_extractor_version': 'metrics/accuracy.py@normalize_v2'}, 'os': 'Darwin'}}",dev,GSM8K,Baseline
True,,gsm8k,dev,,20250916T210801Z,1,0.2,1,runs_directory,0.0,0.0,0.0,1000,dev,20250916T210801Z__gsm8k__dev__demo-openai-mini__seed1__t0.2__mt1,"{'dataset': 'gsm8k', 'subset': 'subset_20', 'max_turns': 1, 'provider': 'mixed', 'model': 'demo-openai-mini', 'seeds': [1, 2, 3], 'temperature': 0.2, 'meta': {'git_commit': '', 'harness_versions': {'evalplus_version': 'N/A', 'humaneval_harness': 'local_sandbox_v1', 'gsm8k_extractor_version': 'metrics/accuracy.py@normalize_v2'}, 'os': 'Darwin'}}",dev,GSM8K,Baseline
True,,gsm8k,dev,,20250918T162200Z,1,0.2,1,runs_directory,0.0,0.0,0.0,20,dev,20250918T162200Z__gsm8k__dev__demo-model-1__seed1__t0.2__mt1,"{'dataset': 'gsm8k', 'subset': 'subset_20', 'max_turns': 1, 'provider': 'demo', 'model': 'demo-model-1', 'seeds': [1, 2, 3], 'temperature': 0.2, 'meta': {'git_commit': '', 'harness_versions': {'evalplus_version': 'N/A', 'humaneval_harness': 'local_sandbox_v1', 'gsm8k_extractor_version': 'metrics/accuracy.py@normalize_v2'}, 'os': 'Darwin'}}",dev,GSM8K,Baseline
True,,gsm8k,dev,,20250919T055452Z,1,0.2,1,runs_directory,0.466,0.424,0.512,500,dev,20250919T055452Z__gsm8k__dev__gpt-4o-mini__seed1__t0.2__mt1,"{'dataset': 'gsm8k', 'subset': 'subset_500', 'max_turns': 1, 'provider': 'mixed', 'model': 'gpt-4o-mini', 'seeds': [1, 2, 3], 'temperature': 0.2, 'meta': {'git_commit': '', 'harness_versions': {'evalplus_version': 'N/A', 'humaneval_harness': 'local_sandbox_v1', 'gsm8k_extractor_version': 'metrics/accuracy.py@normalize_v2'}, 'os': 'Darwin'}}",dev,GSM8K,Baseline
True,,gsm8k,dev,,20250917T221829Z,1,0.2,1,runs_directory,0.0,0.0,0.0,5,dev,20250917T221829Z__gsm8k__dev__demo-model-1__seed1__t0.2__mt1,"{'dataset': 'gsm8k', 'subset': 'subset_5', 'max_turns': 1, 'provider': 'demo', 'model': 'demo-model-1', 'seeds': [1, 2, 3], 'temperature': 0.2, 'meta': {'git_commit': '', 'harness_versions': {'evalplus_version': 'N/A', 'humaneval_harness': 'local_sandbox_v1', 'gsm8k_extractor_version': 'metrics/accuracy.py@normalize_v2'}, 'os': 'Darwin'}}",dev,GSM8K,Baseline
True,,gsm8k,dev,,20250919T070819Z,1,0.2,1,runs_directory,0.37,0.28,0.47,100,dev,20250919T070819Z__gsm8k__dev__gpt-4o__seed1__t0.2__mt1,"{'dataset': 'gsm8k', 'subset': 'subset_100', 'max_turns': 1, 'provider': 'mixed', 'model': 'gpt-4o', 'seeds': [1, 2, 3], 'temperature': 0.2, 'meta': {'git_commit': '', 'harness_versions': {'evalplus_version': 'N/A', 'humaneval_harness': 'local_sandbox_v1', 'gsm8k_extractor_version': 'metrics/accuracy.py@normalize_v2'}, 'os': 'Darwin'}}",dev,GSM8K,Baseline
True,,gsm8k,dev,,20250919T032610Z,1,0.2,1,runs_directory,0.0,0.0,0.0,20,dev,20250919T032610Z__gsm8k__dev__demo-model-1__seed1__t0.2__mt1,"{'dataset': 'gsm8k', 'subset': 'subset_20', 'max_turns': 1, 'provider': 'demo', 'model': 'demo-model-1', 'seeds': [1, 2, 3], 'temperature': 0.2, 'meta': {'git_commit': '', 'harness_versions': {'evalplus_version': 'N/A', 'humaneval_harness': 'local_sandbox_v1', 'gsm8k_extractor_version': 'metrics/accuracy.py@normalize_v2'}, 'os': 'Darwin'}}",dev,GSM8K,Baseline
True,,gsm8k,dev,,20250919T032610Z,1,0.2,1,runs_directory,0.0,0.0,0.0,20,dev,20250919T032610Z__gsm8k__dev__demo-openai-mini__seed1__t0.2__mt1,"{'dataset': 'gsm8k', 'subset': 'subset_20', 'max_turns': 1, 'provider': 'mixed', 'model': 'demo-openai-mini', 'seeds': [1, 2, 3], 'temperature': 0.2, 'meta': {'git_commit': '', 'harness_versions': {'evalplus_version': 'N/A', 'humaneval_harness': 'local_sandbox_v1', 'gsm8k_extractor_version': 'metrics/accuracy.py@normalize_v2'}, 'os': 'Darwin'}}",dev,GSM8K,Baseline
True,,gsm8k,dev,,20250908T211944Z,2,0.2,1,runs_directory,0.6666666666666666,0.3333333333333333,1.0,3,20,20250908T211944Z__gsm8k_20__dev__gpt-4o__seed1__t0.2__mt2,"{'dataset': 'runs/tmp/inputs/gsm8k_20.csv', 'subset': None, 'max_turns': 2, 'provider': 'openai', 'model': 'gpt-4o', 'seeds': [1, 2, 3], 'temperature': 0.2, 'meta': {'git_commit': '', 'harness_versions': {'evalplus_version': 'N/A', 'humaneval_harness': 'local_sandbox_v1', 'gsm8k_extractor_version': 'metrics/accuracy.py@normalize_v2'}, 'os': 'Darwin'}}",dev,GSM8K,Self-Correction (2-turn)
True,,gsm8k,dev,,20250912T191434Z,2,0.2,1,runs_directory,0.0,0.0,0.0,3,sample,20250912T191434Z__gsm8k_sample__dev__demo__seed1__t0.2__mt2,"{'dataset': 'data/scaling/gsm8k_sample.csv', 'subset': None, 'max_turns': 2, 'provider': 'demo', 'model': 'demo', 'seeds': [1, 2, 3], 'temperature': 0.2, 'meta': {'git_commit': '', 'harness_versions': {'evalplus_version': 'N/A', 'humaneval_harness': 'local_sandbox_v1', 'gsm8k_extractor_version': 'metrics/accuracy.py@normalize_v2'}, 'os': 'Darwin'}}",dev,GSM8K,Self-Correction (2-turn)
True,,gsm8k,dev,,20250914T110324Z,2,0.2,1,runs_directory,0.0,0.0,0.0,3,sample,20250914T110324Z__gsm8k_sample__dev__demo__seed1__t0.2__mt2,"{'dataset': 'data/scaling/gsm8k_sample.csv', 'subset': None, 'max_turns': 2, 'provider': 'demo', 'model': 'demo', 'seeds': [1, 2, 3], 'temperature': 0.2, 'meta': {'git_commit': '', 'harness_versions': {'evalplus_version': 'N/A', 'humaneval_harness': 'local_sandbox_v1', 'gsm8k_extractor_version': 'metrics/accuracy.py@normalize_v2'}, 'os': 'Darwin'}}",dev,GSM8K,Self-Correction (2-turn)
True,,gsm8k,dev,,20250917T222327Z,2,0.2,1,runs_directory,0.3333333333333333,0.0,1.0,3,dev,20250917T222327Z__gsm8k__dev__gpt-4o-mini__seed1__t0.2__mt2,"{'dataset': 'gsm8k', 'subset': 'subset_3', 'max_turns': 2, 'provider': 'openai', 'model': 'gpt-4o-mini', 'seeds': [1, 2, 3], 'temperature': 0.2, 'meta': {'git_commit': '', 'harness_versions': {'evalplus_version': 'N/A', 'humaneval_harness': 'local_sandbox_v1', 'gsm8k_extractor_version': 'metrics/accuracy.py@normalize_v2'}, 'os': 'Darwin'}}",dev,GSM8K,Self-Correction (2-turn)
True,,gsm8k,dev,,20250916T090443Z,2,0.2,1,runs_directory,0.0,0.0,0.0,1000,smoke,20250916T090443Z__gsm8k_smoke__dev__demo__seed1__t0.2__mt2,"{'dataset': 'test_data/gsm8k_smoke.csv', 'subset': None, 'max_turns': 2, 'provider': 'demo', 'model': 'demo', 'seeds': [1, 2, 3], 'temperature': 0.2, 'meta': {'git_commit': '', 'harness_versions': {'evalplus_version': 'N/A', 'humaneval_harness': 'local_sandbox_v1', 'gsm8k_extractor_version': 'metrics/accuracy.py@normalize_v2'}, 'os': 'Darwin'}}",dev,GSM8K,Self-Correction (2-turn)
True,,gsm8k,dev,,20250919T022858Z,3,0.2,1,runs_directory,0.878,0.848,0.908,500,dev,20250919T022858Z__gsm8k__dev__gpt-4o-mini__seed1__t0.2__mt3,"{'dataset': 'gsm8k', 'subset': 'subset_500', 'max_turns': 3, 'provider': 'openai', 'model': 'gpt-4o-mini', 'seeds': [1, 2, 3], 'temperature': 0.2, 'meta': {'git_commit': '', 'harness_versions': {'evalplus_version': 'N/A', 'humaneval_harness': 'local_sandbox_v1', 'gsm8k_extractor_version': 'metrics/accuracy.py@normalize_v2'}, 'os': 'Darwin'}}",dev,GSM8K,Self-Correction (3-turn)
True,,gsm8k,dev,,20250913T215757Z,3,0.2,1,runs_directory,0.662,0.634,0.69,1000,dev,20250913T215757Z__gsm8k__dev__claude-3-5-sonnet-20241022__seed1__t0.2__mt3,"{'dataset': 'data/gsm8k', 'subset': None, 'max_turns': 3, 'provider': 'anthropic', 'model': 'claude-3-5-sonnet-20241210', 'seeds': [1, 2, 3], 'temperature': 0.2, 'meta': {'git_commit': '', 'harness_versions': {'evalplus_version': 'N/A', 'humaneval_harness': 'local_sandbox_v1', 'gsm8k_extractor_version': 'metrics/accuracy.py@normalize_v2'}, 'os': 'Darwin'}}",dev,GSM8K,Self-Correction (3-turn)
True,,gsm8k,dev,,20250918T211532Z,3,0.2,1,runs_directory,0.94,0.89,0.98,100,dev,20250918T211532Z__gsm8k__dev__gpt-4o__seed1__t0.2__mt3,"{'dataset': 'gsm8k', 'subset': 'subset_100', 'max_turns': 3, 'provider': 'openai', 'model': 'gpt-4o', 'seeds': [1, 2, 3], 'temperature': 0.2, 'meta': {'git_commit': '', 'harness_versions': {'evalplus_version': 'N/A', 'humaneval_harness': 'local_sandbox_v1', 'gsm8k_extractor_version': 'metrics/accuracy.py@normalize_v2'}, 'os': 'Darwin'}}",dev,GSM8K,Self-Correction (3-turn)
True,,gsm8k,dev,,20250921T234207Z,3,0.2,1,runs_directory,0.0,0.0,0.0,20,dev,20250921T234207Z__gsm8k__dev__meta-llama-2-70b-chat__seed1__t0.2__mt3,"{'dataset': 'gsm8k', 'subset': 'subset_20', 'max_turns': 3, 'provider': 'replicate', 'model': 'meta/llama-2-70b-chat', 'seeds': [1, 2, 3], 'temperature': 0.2, 'meta': {'git_commit': '', 'harness_versions': {'evalplus_version': 'N/A', 'humaneval_harness': 'local_sandbox_v1', 'gsm8k_extractor_version': 'metrics/accuracy.py@normalize_v2'}, 'os': 'Darwin'}}",dev,GSM8K,Self-Correction (3-turn)
True,,gsm8k,dev,,20250913T213057Z,3,0.2,1,runs_directory,0.311,0.284,0.34,1000,dev,20250913T213057Z__gsm8k__dev__claude-3-haiku-20240307__seed1__t0.2__mt3,"{'dataset': 'data/gsm8k', 'subset': None, 'max_turns': 3, 'provider': 'anthropic', 'model': 'claude-3-haiku-20240307', 'seeds': [1, 2, 3], 'temperature': 0.2, 'meta': {'git_commit': '', 'harness_versions': {'evalplus_version': 'N/A', 'humaneval_harness': 'local_sandbox_v1', 'gsm8k_extractor_version': 'metrics/accuracy.py@normalize_v2'}, 'os': 'Darwin'}}",dev,GSM8K,Self-Correction (3-turn)
True,,gsm8k,dev,,20250919T032610Z,3,0.2,1,runs_directory,0.0,0.0,0.0,20,dev,20250919T032610Z__gsm8k__dev__gpt-4o-mini__seed1__t0.2__mt3,"{'dataset': 'gsm8k', 'subset': 'subset_20', 'max_turns': 3, 'provider': 'mixed', 'model': 'gpt-4o-mini', 'seeds': [1, 2, 3], 'temperature': 0.2, 'meta': {'git_commit': '', 'harness_versions': {'evalplus_version': 'N/A', 'humaneval_harness': 'local_sandbox_v1', 'gsm8k_extractor_version': 'metrics/accuracy.py@normalize_v2'}, 'os': 'Darwin'}}",dev,GSM8K,Self-Correction (3-turn)
True,,gsm8k,dev,,20250908T212720Z,3,0.2,1,runs_directory,0.6666666666666666,0.3333333333333333,1.0,3,1k,20250908T212720Z__gsm8k_1k__dev__gpt-4o__seed1__t0.2__mt3,"{'dataset': 'runs/tmp/inputs/gsm8k_1k.csv', 'subset': None, 'max_turns': 3, 'provider': 'openai', 'model': 'gpt-4o', 'seeds': [1, 2, 3], 'temperature': 0.2, 'meta': {'git_commit': '', 'harness_versions': {'evalplus_version': 'N/A', 'humaneval_harness': 'local_sandbox_v1', 'gsm8k_extractor_version': 'metrics/accuracy.py@normalize_v2'}, 'os': 'Darwin'}}",dev,GSM8K,Self-Correction (3-turn)
True,,gsm8k,dev,,20250914T110424Z,3,0.2,1,runs_directory,0.169,0.148,0.194,1000,dev,20250914T110424Z__gsm8k__dev__meta-meta-llama-3-70b__seed1__t0.2__mt3,"{'dataset': 'data/gsm8k', 'subset': None, 'max_turns': 3, 'provider': 'replicate', 'model': 'meta/meta-llama-3-70b', 'seeds': [1, 2, 3], 'temperature': 0.2, 'meta': {'git_commit': '', 'harness_versions': {'evalplus_version': 'N/A', 'humaneval_harness': 'local_sandbox_v1', 'gsm8k_extractor_version': 'metrics/accuracy.py@normalize_v2'}, 'os': 'Darwin'}}",dev,GSM8K,Self-Correction (3-turn)
True,,gsm8k,dev,,20250918T235320Z,3,0.2,1,runs_directory,0.864,0.836,0.892,500,dev,20250918T235320Z__gsm8k__dev__gpt-4o__seed1__t0.2__mt3,"{'dataset': 'gsm8k', 'subset': 'subset_500', 'max_turns': 3, 'provider': 'openai', 'model': 'gpt-4o', 'seeds': [1, 2, 3], 'temperature': 0.2, 'meta': {'git_commit': '', 'harness_versions': {'evalplus_version': 'N/A', 'humaneval_harness': 'local_sandbox_v1', 'gsm8k_extractor_version': 'metrics/accuracy.py@normalize_v2'}, 'os': 'Darwin'}}",dev,GSM8K,Self-Correction (3-turn)
True,,gsm8k,dev,,20250914T071025Z,3,0.2,1,runs_directory,0.485,0.454,0.517,1000,dev,20250914T071025Z__gsm8k__dev__gpt-4__seed1__t0.2__mt3,"{'dataset': 'data/gsm8k', 'subset': None, 'max_turns': 3, 'provider': 'openai', 'model': 'gpt-4', 'seeds': [1, 2, 3], 'temperature': 0.2, 'meta': {'git_commit': '', 'harness_versions': {'evalplus_version': 'N/A', 'humaneval_harness': 'local_sandbox_v1', 'gsm8k_extractor_version': 'metrics/accuracy.py@normalize_v2'}, 'os': 'Darwin'}}",dev,GSM8K,Self-Correction (3-turn)
True,,gsm8k,dev,,20250922T003249Z,3,0.2,1,runs_directory,0.0,0.0,0.0,20,dev,20250922T003249Z__gsm8k__dev__meta-llama-2-70b-chat__seed1__t0.2__mt3,"{'dataset': 'gsm8k', 'subset': 'subset_20', 'max_turns': 3, 'provider': 'replicate', 'model': 'meta/llama-2-70b-chat', 'seeds': [1, 2, 3], 'temperature': 0.2, 'meta': {'git_commit': '', 'harness_versions': {'evalplus_version': 'N/A', 'humaneval_harness': 'local_sandbox_v1', 'gsm8k_extractor_version': 'metrics/accuracy.py@normalize_v2'}, 'os': 'Darwin'}}",dev,GSM8K,Self-Correction (3-turn)
True,,gsm8k,dev,,20250913T145036Z,3,0.2,1,runs_directory,0.547,0.519,0.577,1000,dev,20250913T145036Z__gsm8k__dev__gpt-4o__seed1__t0.2__mt3,"{'dataset': 'data/gsm8k', 'subset': None, 'max_turns': 3, 'provider': 'openai', 'model': 'gpt-4o', 'seeds': [1, 2, 3], 'temperature': 0.2, 'meta': {'git_commit': '', 'harness_versions': {'evalplus_version': 'N/A', 'humaneval_harness': 'local_sandbox_v1', 'gsm8k_extractor_version': 'metrics/accuracy.py@normalize_v2'}, 'os': 'Darwin'}}",dev,GSM8K,Self-Correction (3-turn)
True,,gsm8k,dev,,20250913T142510Z,3,0.2,1,runs_directory,0.323,0.294,0.352,1000,dev,20250913T142510Z__gsm8k__dev__gpt-4o-mini__seed1__t0.2__mt3,"{'dataset': 'data/gsm8k', 'subset': None, 'max_turns': 3, 'provider': 'openai', 'model': 'gpt-4o-mini', 'seeds': [1, 2, 3], 'temperature': 0.2, 'meta': {'git_commit': '', 'harness_versions': {'evalplus_version': 'N/A', 'humaneval_harness': 'local_sandbox_v1', 'gsm8k_extractor_version': 'metrics/accuracy.py@normalize_v2'}, 'os': 'Darwin'}}",dev,GSM8K,Self-Correction (3-turn)
True,,gsm8k,dev,,20250919T025612Z,3,0.2,1,runs_directory,0.44,0.3,0.58,50,dev,20250919T025612Z__gsm8k__dev__gpt-4o-mini__seed1__t0.2__mt3,"{'dataset': 'gsm8k', 'subset': 'subset_50', 'max_turns': 3, 'provider': 'openai', 'model': 'gpt-4o-mini', 'seeds': [1, 2, 3], 'temperature': 0.2, 'meta': {'git_commit': '', 'harness_versions': {'evalplus_version': 'N/A', 'humaneval_harness': 'local_sandbox_v1', 'gsm8k_extractor_version': 'metrics/accuracy.py@normalize_v2'}, 'os': 'Darwin'}}",dev,GSM8K,Self-Correction (3-turn)
True,,gsm8k,dev,,20250919T032610Z,3,0.2,1,runs_directory,0.0,0.0,0.0,20,dev,20250919T032610Z__gsm8k__dev__claude-3-haiku-20240307__seed1__t0.2__mt3,"{'dataset': 'gsm8k', 'subset': 'subset_20', 'max_turns': 3, 'provider': 'anthropic', 'model': 'claude-3-haiku-20240307', 'seeds': [1, 2, 3], 'temperature': 0.2, 'meta': {'git_commit': '', 'harness_versions': {'evalplus_version': 'N/A', 'humaneval_harness': 'local_sandbox_v1', 'gsm8k_extractor_version': 'metrics/accuracy.py@normalize_v2'}, 'os': 'Darwin'}}",dev,GSM8K,Self-Correction (3-turn)
True,,gsm8k,full_system,,20250903T065339Z,2,0.2,1,runs_directory,0.0,0.0,0.0,3,dev,20250903T065339Z__gsm8k__full_system__gpt-4o__seed1__t0.2__mt2,"{'dataset': 'gsm8k', 'subset': None, 'max_turns': 2, 'provider': 'openai', 'model': 'gpt-4o', 'seeds': [1, 2, 3], 'temperature': 0.2, 'meta': {'git_commit': '', 'harness_versions': {'evalplus_version': 'N/A', 'humaneval_harness': 'local_sandbox_v1', 'gsm8k_extractor_version': 'metrics/accuracy.py@normalize_v2'}, 'os': 'Darwin'}}",full_system,GSM8K,Self-Correction (2-turn)
True,humaneval_gpt-4o_summary_20250918_152028.csv,humaneval,gpt-4o,4.0,20250918_152028,3,0.2,42,csv_results,0.8719512195121951,0.8206537328524733,0.9232487061719169,164,,,,GPT-4o,HumanEval,Self-Correction (3-turn)
True,,humaneval,baseline,,20250903T063812Z,2,0.2,1,runs_directory,1.0,1.0,1.0,20,dev,20250903T063812Z__humaneval__baseline__gpt-4o__seed1__t0.2__mt2,"{'dataset': 'humaneval', 'subset': 'subset_20', 'max_turns': 2, 'provider': 'openai', 'model': 'gpt-4o', 'seeds': [1, 2, 3], 'temperature': 0.2, 'meta': {'git_commit': '', 'harness_versions': {'evalplus_version': 'N/A', 'humaneval_harness': 'local_sandbox_v1', 'gsm8k_extractor_version': 'metrics/accuracy.py@normalize_v2'}, 'os': 'Darwin'}}",baseline,HumanEval,Self-Correction (2-turn)
True,,humaneval,baseline,,20250903T065337Z,2,0.2,1,runs_directory,1.0,1.0,1.0,20,dev,20250903T065337Z__humaneval__baseline__gpt-4o__seed1__t0.2__mt2,"{'dataset': 'humaneval', 'subset': 'subset_20', 'max_turns': 2, 'provider': 'openai', 'model': 'gpt-4o', 'seeds': [1, 2, 3], 'temperature': 0.2, 'meta': {'git_commit': '', 'harness_versions': {'evalplus_version': 'N/A', 'humaneval_harness': 'local_sandbox_v1', 'gsm8k_extractor_version': 'metrics/accuracy.py@normalize_v2'}, 'os': 'Darwin'}}",baseline,HumanEval,Self-Correction (2-turn)
True,,humaneval,dev,,20250919T082106Z,1,0.2,1,runs_directory,0.7987804878048781,0.7378048780487805,0.8536585365853658,164,dev,20250919T082106Z__humaneval__dev__gpt-4o__seed1__t0.2__mt1,"{'dataset': 'humaneval', 'subset': None, 'max_turns': 1, 'provider': 'mixed', 'model': 'gpt-4o', 'seeds': [1, 2, 3], 'temperature': 0.2, 'meta': {'git_commit': '', 'harness_versions': {'evalplus_version': 'N/A', 'humaneval_harness': 'local_sandbox_v1', 'gsm8k_extractor_version': 'metrics/accuracy.py@normalize_v2'}, 'os': 'Darwin'}}",dev,HumanEval,Baseline
True,,humaneval,dev,,20250916T060155Z,1,0.2,1,runs_directory,1.0,1.0,1.0,20,dev,20250916T060155Z__humaneval__dev__gpt-4o-mini__seed1__t0.2__mt1,"{'dataset': 'humaneval', 'subset': 'subset_20', 'max_turns': 1, 'provider': 'demo', 'model': 'gpt-4o-mini', 'seeds': [1, 2, 3], 'temperature': 0.2, 'meta': {'git_commit': '', 'harness_versions': {'evalplus_version': 'N/A', 'humaneval_harness': 'local_sandbox_v1', 'gsm8k_extractor_version': 'metrics/accuracy.py@normalize_v2'}, 'os': 'Darwin'}}",dev,HumanEval,Baseline
True,,humaneval,dev,,20250914T104030Z,1,0.2,1,runs_directory,1.0,1.0,1.0,164,dev,20250914T104030Z__humaneval__dev__demo__seed1__t0.2__mt1,"{'dataset': 'humaneval', 'subset': '3', 'max_turns': 1, 'provider': 'demo', 'model': 'demo', 'seeds': [1, 2, 3], 'temperature': 0.2, 'meta': {'git_commit': '', 'harness_versions': {'evalplus_version': 'N/A', 'humaneval_harness': 'local_sandbox_v1', 'gsm8k_extractor_version': 'metrics/accuracy.py@normalize_v2'}, 'os': 'Darwin'}}",dev,HumanEval,Baseline
True,,humaneval,dev,,20250916T055534Z,1,0.2,1,runs_directory,1.0,1.0,1.0,20,dev,20250916T055534Z__humaneval__dev__gpt-4o-mini__seed1__t0.2__mt1,"{'dataset': 'humaneval', 'subset': 'subset_20', 'max_turns': 1, 'provider': 'demo', 'model': 'gpt-4o-mini', 'seeds': [1, 2, 3], 'temperature': 0.2, 'meta': {'git_commit': '', 'harness_versions': {'evalplus_version': 'N/A', 'humaneval_harness': 'local_sandbox_v1', 'gsm8k_extractor_version': 'metrics/accuracy.py@normalize_v2'}, 'os': 'Darwin'}}",dev,HumanEval,Baseline
True,,humaneval,dev,,20250914T110324Z,1,0.2,1,runs_directory,1.0,1.0,1.0,20,dev,20250914T110324Z__humaneval__dev__demo__seed1__t0.2__mt1,"{'dataset': 'humaneval', 'subset': 'subset_20', 'max_turns': 1, 'provider': 'demo', 'model': 'demo', 'seeds': [1, 2, 3], 'temperature': 0.2, 'meta': {'git_commit': '', 'harness_versions': {'evalplus_version': 'N/A', 'humaneval_harness': 'local_sandbox_v1', 'gsm8k_extractor_version': 'metrics/accuracy.py@normalize_v2'}, 'os': 'Darwin'}}",dev,HumanEval,Baseline
True,,humaneval,dev,,20250916T090445Z,2,0.2,1,runs_directory,1.0,1.0,1.0,164,dev,20250916T090445Z__humaneval__dev__demo__seed1__t0.2__mt2,"{'dataset': 'test_data/humaneval_smoke.jsonl', 'subset': None, 'max_turns': 2, 'provider': 'demo', 'model': 'demo', 'seeds': [1, 2, 3], 'temperature': 0.2, 'meta': {'git_commit': '', 'harness_versions': {'evalplus_version': 'N/A', 'humaneval_harness': 'local_sandbox_v1', 'gsm8k_extractor_version': 'metrics/accuracy.py@normalize_v2'}, 'os': 'Darwin'}}",dev,HumanEval,Self-Correction (2-turn)
True,,humaneval,dev,,20250908T211602Z,2,0.2,1,runs_directory,0.95,0.85,1.0,20,dev,20250908T211602Z__humaneval__dev__gpt-4o__seed1__t0.2__mt2,"{'dataset': 'humaneval', 'subset': 'subset_20', 'max_turns': 2, 'provider': 'openai', 'model': 'gpt-4o', 'seeds': [1, 2, 3], 'temperature': 0.2, 'meta': {'git_commit': '', 'harness_versions': {'evalplus_version': 'N/A', 'humaneval_harness': 'local_sandbox_v1', 'gsm8k_extractor_version': 'metrics/accuracy.py@normalize_v2'}, 'os': 'Darwin'}}",dev,HumanEval,Self-Correction (2-turn)
True,,humaneval,dev,,20250918T222028Z,3,0.2,1,runs_directory,0.8719512195121951,0.8170731707317073,0.9207317073170732,164,dev,20250918T222028Z__humaneval__dev__gpt-4o__seed1__t0.2__mt3,"{'dataset': 'humaneval', 'subset': None, 'max_turns': 3, 'provider': 'openai', 'model': 'gpt-4o', 'seeds': [1, 2, 3], 'temperature': 0.2, 'meta': {'git_commit': '', 'harness_versions': {'evalplus_version': 'N/A', 'humaneval_harness': 'local_sandbox_v1', 'gsm8k_extractor_version': 'metrics/accuracy.py@normalize_v2'}, 'os': 'Darwin'}}",dev,HumanEval,Self-Correction (3-turn)
True,,humaneval,dev,,20250908T212605Z,3,0.2,1,runs_directory,0.7682926829268293,0.7012195121951219,0.8292682926829268,164,dev,20250908T212605Z__humaneval__dev__gpt-4o__seed1__t0.2__mt3,"{'dataset': 'humaneval', 'subset': 'full', 'max_turns': 3, 'provider': 'openai', 'model': 'gpt-4o', 'seeds': [1, 2, 3], 'temperature': 0.2, 'meta': {'git_commit': '', 'harness_versions': {'evalplus_version': 'N/A', 'humaneval_harness': 'local_sandbox_v1', 'gsm8k_extractor_version': 'metrics/accuracy.py@normalize_v2'}, 'os': 'Darwin'}}",dev,HumanEval,Self-Correction (3-turn)
True,mathbench_sample_100.csv_gpt-4o_summary_20250918_225637.csv,mathbench,gpt-4o,100.0,20250918_225637,3,0.2,42,csv_results,0.416,0.37275271110469943,0.45924728889530053,500,,,,GPT-4o,MathBench,Self-Correction (3-turn)
True,mathbench_sample_500.csv_gpt-4o_summary_20250921_104217.csv,mathbench,gpt-4o,500.0,20250921_104217,3,0.2,42,csv_results,0.376,0.3334996980229992,0.4185003019770008,500,,,,GPT-4o,MathBench,Self-Correction (3-turn)
True,mathbench_sample_500.csv_gpt-4o-mini_summary_20250921_163113.csv,mathbench,gpt-4o-mini,500.0,20250921_163113,3,0.2,42,csv_results,0.99,0.9812698160257386,0.9987301839742614,500,,,,GPT-4o-mini,MathBench,Self-Correction (3-turn)
True,,mathbench,dev,,20250910T142409Z,3,0.2,1,runs_directory,0.918,0.894,0.942,500,sample,20250910T142409Z__mathbench_sample__dev__claude-3-5-sonnet-20241022__seed1__t0.2__mt3,"{'dataset': 'data/scaling/mathbench_sample.csv', 'subset': None, 'max_turns': 3, 'provider': 'anthropic', 'model': 'claude-3-5-sonnet-20241210', 'seeds': [1, 2, 3], 'temperature': 0.2, 'meta': {'git_commit': '', 'harness_versions': {'evalplus_version': 'N/A', 'humaneval_harness': 'local_sandbox_v1', 'gsm8k_extractor_version': 'metrics/accuracy.py@normalize_v2'}, 'os': 'Darwin'}}",dev,MathBench,Self-Correction (3-turn)
True,,mathbench,dev,,20250913T051915Z,3,0.2,1,runs_directory,0.0,0.0,0.0,500,sample,20250913T051915Z__mathbench_sample__dev__meta-meta-llama-3-70b__seed1__t0.2__mt3,"{'dataset': 'data/scaling/mathbench_sample.csv', 'subset': None, 'max_turns': 3, 'provider': 'replicate', 'model': 'meta/meta-llama-3-70b', 'seeds': [1, 2, 3], 'temperature': 0.2, 'meta': {'git_commit': '', 'harness_versions': {'evalplus_version': 'N/A', 'humaneval_harness': 'local_sandbox_v1', 'gsm8k_extractor_version': 'metrics/accuracy.py@normalize_v2'}, 'os': 'Darwin'}}",dev,MathBench,Self-Correction (3-turn)
True,,mathbench,dev,,20250910T151605Z,3,0.2,1,runs_directory,0.322,0.284,0.366,500,sample,20250910T151605Z__mathbench_sample__dev__claude-3-opus-20240229__seed1__t0.2__mt3,"{'dataset': 'data/scaling/mathbench_sample.csv', 'subset': None, 'max_turns': 3, 'provider': 'anthropic', 'model': 'claude-3-opus-20240229', 'seeds': [1, 2, 3], 'temperature': 0.2, 'meta': {'git_commit': '', 'harness_versions': {'evalplus_version': 'N/A', 'humaneval_harness': 'local_sandbox_v1', 'gsm8k_extractor_version': 'metrics/accuracy.py@normalize_v2'}, 'os': 'Darwin'}}",dev,MathBench,Self-Correction (3-turn)
True,,mathbench,dev,,20250911T221143Z,3,0.2,1,runs_directory,0.0,0.0,0.0,500,sample,20250911T221143Z__mathbench_sample__dev__meta-llama-llama-2-70b-chat__seed1__t0.2__mt3,"{'dataset': 'data/scaling/mathbench_sample.csv', 'subset': None, 'max_turns': 3, 'provider': 'replicate', 'model': 'meta-llama/llama-2-70b-chat', 'seeds': [1, 2, 3], 'temperature': 0.2, 'meta': {'git_commit': '', 'harness_versions': {'evalplus_version': 'N/A', 'humaneval_harness': 'local_sandbox_v1', 'gsm8k_extractor_version': 'metrics/accuracy.py@normalize_v2'}, 'os': 'Darwin'}}",dev,MathBench,Self-Correction (3-turn)
True,,mathbench,dev,,20250910T135124Z,3,0.2,1,runs_directory,0.224,0.188,0.262,500,sample,20250910T135124Z__mathbench_sample__dev__claude-3-haiku-20240307__seed1__t0.2__mt3,"{'dataset': 'data/scaling/mathbench_sample.csv', 'subset': None, 'max_turns': 3, 'provider': 'anthropic', 'model': 'claude-3-haiku-20240307', 'seeds': [1, 2, 3], 'temperature': 0.2, 'meta': {'git_commit': '', 'harness_versions': {'evalplus_version': 'N/A', 'humaneval_harness': 'local_sandbox_v1', 'gsm8k_extractor_version': 'metrics/accuracy.py@normalize_v2'}, 'os': 'Darwin'}}",dev,MathBench,Self-Correction (3-turn)
True,,mathbench,dev,,20250911T223005Z,3,0.2,1,runs_directory,0.0,0.0,0.0,500,sample,20250911T223005Z__mathbench_sample__dev__meta-meta-llama-3-70b__seed1__t0.2__mt3,"{'dataset': 'data/scaling/mathbench_sample.csv', 'subset': None, 'max_turns': 3, 'provider': 'replicate', 'model': 'meta/meta-llama-3-70b', 'seeds': [1, 2, 3], 'temperature': 0.2, 'meta': {'git_commit': '', 'harness_versions': {'evalplus_version': 'N/A', 'humaneval_harness': 'local_sandbox_v1', 'gsm8k_extractor_version': 'metrics/accuracy.py@normalize_v2'}, 'os': 'Darwin'}}",dev,MathBench,Self-Correction (3-turn)
True,,mathbench,dev,,20250910T132536Z,3,0.2,1,runs_directory,0.972,0.956,0.984,500,sample,20250910T132536Z__mathbench_sample__dev__gpt-4o__seed1__t0.2__mt3,"{'dataset': 'data/scaling/mathbench_sample.csv', 'subset': None, 'max_turns': 3, 'provider': 'openai', 'model': 'gpt-4o', 'seeds': [1, 2, 3], 'temperature': 0.2, 'meta': {'git_commit': '', 'harness_versions': {'evalplus_version': 'N/A', 'humaneval_harness': 'local_sandbox_v1', 'gsm8k_extractor_version': 'metrics/accuracy.py@normalize_v2'}, 'os': 'Darwin'}}",dev,MathBench,Self-Correction (3-turn)
True,,mathbench,dev,,20250910T133420Z,3,0.2,1,runs_directory,0.98,0.968,0.99,500,sample,20250910T133420Z__mathbench_sample__dev__gpt-4__seed1__t0.2__mt3,"{'dataset': 'data/scaling/mathbench_sample.csv', 'subset': None, 'max_turns': 3, 'provider': 'openai', 'model': 'gpt-4', 'seeds': [1, 2, 3], 'temperature': 0.2, 'meta': {'git_commit': '', 'harness_versions': {'evalplus_version': 'N/A', 'humaneval_harness': 'local_sandbox_v1', 'gsm8k_extractor_version': 'metrics/accuracy.py@normalize_v2'}, 'os': 'Darwin'}}",dev,MathBench,Self-Correction (3-turn)
True,,mathbench,dev,,20250913T070921Z,3,0.2,1,runs_directory,0.642,0.602,0.684,500,sample_1000,20250913T070921Z__mathbench_sample_1000__dev__meta-meta-llama-3-70b__seed1__t0.2__mt3,"{'dataset': 'data/scaling/mathbench_sample_1000.csv', 'subset': None, 'max_turns': 3, 'provider': 'replicate', 'model': 'meta/meta-llama-3-70b', 'seeds': [1, 2, 3], 'temperature': 0.2, 'meta': {'git_commit': '', 'harness_versions': {'evalplus_version': 'N/A', 'humaneval_harness': 'local_sandbox_v1', 'gsm8k_extractor_version': 'metrics/accuracy.py@normalize_v2'}, 'os': 'Darwin'}}",dev,MathBench,Self-Correction (3-turn)
True,,mathbench,dev,,20250914T045203Z,3,0.2,1,runs_directory,0.646,0.604,0.688,500,sample_1000,20250914T045203Z__mathbench_sample_1000__dev__meta-meta-llama-3-70b__seed1__t0.2__mt3,"{'dataset': 'data/scaling/mathbench_sample_1000.csv', 'subset': None, 'max_turns': 3, 'provider': 'replicate', 'model': 'meta/meta-llama-3-70b', 'seeds': [1, 2, 3], 'temperature': 0.2, 'meta': {'git_commit': '', 'harness_versions': {'evalplus_version': 'N/A', 'humaneval_harness': 'local_sandbox_v1', 'gsm8k_extractor_version': 'metrics/accuracy.py@normalize_v2'}, 'os': 'Darwin'}}",dev,MathBench,Self-Correction (3-turn)
True,,mathbench,dev,,20250910T131758Z,3,0.2,1,runs_directory,0.972,0.956,0.984,500,sample,20250910T131758Z__mathbench_sample__dev__gpt-4o-mini__seed1__t0.2__mt3,"{'dataset': 'data/scaling/mathbench_sample.csv', 'subset': None, 'max_turns': 3, 'provider': 'openai', 'model': 'gpt-4o-mini', 'seeds': [1, 2, 3], 'temperature': 0.2, 'meta': {'git_commit': '', 'harness_versions': {'evalplus_version': 'N/A', 'humaneval_harness': 'local_sandbox_v1', 'gsm8k_extractor_version': 'metrics/accuracy.py@normalize_v2'}, 'os': 'Darwin'}}",dev,MathBench,Self-Correction (3-turn)
True,,mathbench,dev,,20250919T055637Z,3,0.2,1,runs_directory,0.416,0.376,0.46,500,sample_100,20250919T055637Z__mathbench_sample_100__dev__gpt-4o__seed1__t0.2__mt3,"{'dataset': 'data/scaling/mathbench_sample_100.csv', 'subset': None, 'max_turns': 3, 'provider': 'openai', 'model': 'gpt-4o', 'seeds': [1, 2, 3], 'temperature': 0.2, 'meta': {'git_commit': '', 'harness_versions': {'evalplus_version': 'N/A', 'humaneval_harness': 'local_sandbox_v1', 'gsm8k_extractor_version': 'metrics/accuracy.py@normalize_v2'}, 'os': 'Darwin'}}",dev,MathBench,Self-Correction (3-turn)
True,superglue_sample_100.csv_gpt-4o_summary_20250921_083728.csv,superglue,gpt-4o,100.0,20250921_083728,3,0.2,42,csv_results,0.348,0.30620549187969726,0.3897945081203027,500,,,,GPT-4o,SuperGLUE,Self-Correction (3-turn)
True,superglue_sample_500.csv_gpt-4o_summary_20250919_055155.csv,superglue,gpt-4o,500.0,20250919_055155,3,0.2,42,csv_results,0.326,0.28487134125770863,0.3671286587422914,500,,,,GPT-4o,SuperGLUE,Self-Correction (3-turn)
True,superglue_sample_500.csv_gpt-4o_summary_20250921_030255.csv,superglue,gpt-4o,500.0,20250921_030255,3,0.2,42,csv_results,0.378,0.3354551603839444,0.4205448396160556,500,,,,GPT-4o,SuperGLUE,Self-Correction (3-turn)
True,,superglue,dev,,20250916T090445Z,2,0.2,1,runs_directory,0.0,0.0,0.0,5,smoke,20250916T090445Z__superglue_smoke__dev__demo__seed1__t0.2__mt2,"{'dataset': 'test_data/superglue_smoke.csv', 'subset': None, 'max_turns': 2, 'provider': 'demo', 'model': 'demo', 'seeds': [1, 2, 3], 'temperature': 0.2, 'meta': {'git_commit': '', 'harness_versions': {'evalplus_version': 'N/A', 'humaneval_harness': 'local_sandbox_v1', 'gsm8k_extractor_version': 'metrics/accuracy.py@normalize_v2'}, 'os': 'Darwin'}}",dev,SuperGLUE,Self-Correction (2-turn)
True,,superglue,dev,,20250913T121131Z,3,0.2,1,runs_directory,0.988,0.978,0.996,500,sample_1000,20250913T121131Z__superglue_sample_1000__dev__gpt-4o__seed1__t0.2__mt3,"{'dataset': 'data/scaling/superglue_sample_1000.csv', 'subset': None, 'max_turns': 3, 'provider': 'openai', 'model': 'gpt-4o', 'seeds': [1, 2, 3], 'temperature': 0.2, 'meta': {'git_commit': '', 'harness_versions': {'evalplus_version': 'N/A', 'humaneval_harness': 'local_sandbox_v1', 'gsm8k_extractor_version': 'metrics/accuracy.py@normalize_v2'}, 'os': 'Darwin'}}",dev,SuperGLUE,Self-Correction (3-turn)
True,,superglue,dev,,20250910T101945Z,3,0.2,1,runs_directory,0.236,0.202,0.276,500,sample,20250910T101945Z__superglue_sample__dev__gpt-4o-mini__seed1__t0.2__mt3,"{'dataset': 'data/scaling/superglue_sample.csv', 'subset': None, 'max_turns': 3, 'provider': 'openai', 'model': 'gpt-4o-mini', 'seeds': [1, 2, 3], 'temperature': 0.2, 'meta': {'git_commit': '', 'harness_versions': {'evalplus_version': 'N/A', 'humaneval_harness': 'local_sandbox_v1', 'gsm8k_extractor_version': 'metrics/accuracy.py@normalize_v2'}, 'os': 'Darwin'}}",dev,SuperGLUE,Self-Correction (3-turn)
True,,superglue,dev,,20250910T121328Z,3,0.2,1,runs_directory,1.0,1.0,1.0,500,sample,20250910T121328Z__superglue_sample__dev__claude-3-5-sonnet-20241022__seed1__t0.2__mt3,"{'dataset': 'data/scaling/superglue_sample.csv', 'subset': None, 'max_turns': 3, 'provider': 'anthropic', 'model': 'claude-3-5-sonnet-20241210', 'seeds': [1, 2, 3], 'temperature': 0.2, 'meta': {'git_commit': '', 'harness_versions': {'evalplus_version': 'N/A', 'humaneval_harness': 'local_sandbox_v1', 'gsm8k_extractor_version': 'metrics/accuracy.py@normalize_v2'}, 'os': 'Darwin'}}",dev,SuperGLUE,Self-Correction (3-turn)
True,,superglue,dev,,20250914T033113Z,3,0.2,1,runs_directory,0.012,0.004,0.022,500,sample_1000,20250914T033113Z__superglue_sample_1000__dev__meta-meta-llama-3-70b__seed1__t0.2__mt3,"{'dataset': 'data/scaling/superglue_sample_1000.csv', 'subset': None, 'max_turns': 3, 'provider': 'replicate', 'model': 'meta/meta-llama-3-70b', 'seeds': [1, 2, 3], 'temperature': 0.2, 'meta': {'git_commit': '', 'harness_versions': {'evalplus_version': 'N/A', 'humaneval_harness': 'local_sandbox_v1', 'gsm8k_extractor_version': 'metrics/accuracy.py@normalize_v2'}, 'os': 'Darwin'}}",dev,SuperGLUE,Self-Correction (3-turn)
True,,superglue,dev,,20250919T125155Z,3,0.2,1,runs_directory,0.326,0.286,0.368,500,sample_500,20250919T125155Z__superglue_sample_500__dev__gpt-4o__seed1__t0.2__mt3,"{'dataset': 'data/scaling/superglue_sample_500.csv', 'subset': None, 'max_turns': 3, 'provider': 'openai', 'model': 'gpt-4o', 'seeds': [1, 2, 3], 'temperature': 0.2, 'meta': {'git_commit': '', 'harness_versions': {'evalplus_version': 'N/A', 'humaneval_harness': 'local_sandbox_v1', 'gsm8k_extractor_version': 'metrics/accuracy.py@normalize_v2'}, 'os': 'Darwin'}}",dev,SuperGLUE,Self-Correction (3-turn)
True,,superglue,dev,,20250913T124632Z,3,0.2,1,runs_directory,1.0,1.0,1.0,500,sample_1000,20250913T124632Z__superglue_sample_1000__dev__claude-3-5-sonnet-20241022__seed1__t0.2__mt3,"{'dataset': 'data/scaling/superglue_sample_1000.csv', 'subset': None, 'max_turns': 3, 'provider': 'anthropic', 'model': 'claude-3-5-sonnet-20241210', 'seeds': [1, 2, 3], 'temperature': 0.2, 'meta': {'git_commit': '', 'harness_versions': {'evalplus_version': 'N/A', 'humaneval_harness': 'local_sandbox_v1', 'gsm8k_extractor_version': 'metrics/accuracy.py@normalize_v2'}, 'os': 'Darwin'}}",dev,SuperGLUE,Self-Correction (3-turn)
True,,superglue,dev,,20250910T104706Z,3,0.2,1,runs_directory,0.0,0.0,0.0,500,sample,20250910T104706Z__superglue_sample__dev__claude-3-sonnet-20240229__seed1__t0.2__mt3,"{'dataset': 'data/scaling/superglue_sample.csv', 'subset': None, 'max_turns': 3, 'provider': 'anthropic', 'model': 'claude-3-5-sonnet-20241210', 'seeds': [1, 2, 3], 'temperature': 0.2, 'meta': {'git_commit': '', 'harness_versions': {'evalplus_version': 'N/A', 'humaneval_harness': 'local_sandbox_v1', 'gsm8k_extractor_version': 'metrics/accuracy.py@normalize_v2'}, 'os': 'Darwin'}}",dev,SuperGLUE,Self-Correction (3-turn)
True,,superglue,dev,,20250913T122909Z,3,0.2,1,runs_directory,0.376,0.332,0.422,500,sample_1000,20250913T122909Z__superglue_sample_1000__dev__claude-3-haiku-20240307__seed1__t0.2__mt3,"{'dataset': 'data/scaling/superglue_sample_1000.csv', 'subset': None, 'max_turns': 3, 'provider': 'anthropic', 'model': 'claude-3-haiku-20240307', 'seeds': [1, 2, 3], 'temperature': 0.2, 'meta': {'git_commit': '', 'harness_versions': {'evalplus_version': 'N/A', 'humaneval_harness': 'local_sandbox_v1', 'gsm8k_extractor_version': 'metrics/accuracy.py@normalize_v2'}, 'os': 'Darwin'}}",dev,SuperGLUE,Self-Correction (3-turn)
True,,superglue,dev,,20250910T103523Z,3,0.2,1,runs_directory,0.384,0.338,0.43,500,sample,20250910T103523Z__superglue_sample__dev__claude-3-haiku-20240307__seed1__t0.2__mt3,"{'dataset': 'data/scaling/superglue_sample.csv', 'subset': None, 'max_turns': 3, 'provider': 'anthropic', 'model': 'claude-3-haiku-20240307', 'seeds': [1, 2, 3], 'temperature': 0.2, 'meta': {'git_commit': '', 'harness_versions': {'evalplus_version': 'N/A', 'humaneval_harness': 'local_sandbox_v1', 'gsm8k_extractor_version': 'metrics/accuracy.py@normalize_v2'}, 'os': 'Darwin'}}",dev,SuperGLUE,Self-Correction (3-turn)
True,,superglue,dev,,20250913T120434Z,3,0.2,1,runs_directory,0.246,0.212,0.286,500,sample_1000,20250913T120434Z__superglue_sample_1000__dev__gpt-4o-mini__seed1__t0.2__mt3,"{'dataset': 'data/scaling/superglue_sample_1000.csv', 'subset': None, 'max_turns': 3, 'provider': 'openai', 'model': 'gpt-4o-mini', 'seeds': [1, 2, 3], 'temperature': 0.2, 'meta': {'git_commit': '', 'harness_versions': {'evalplus_version': 'N/A', 'humaneval_harness': 'local_sandbox_v1', 'gsm8k_extractor_version': 'metrics/accuracy.py@normalize_v2'}, 'os': 'Darwin'}}",dev,SuperGLUE,Self-Correction (3-turn)
True,,superglue,dev,,20250910T104244Z,3,0.2,1,runs_directory,0.98,0.966,0.99,500,sample,20250910T104244Z__superglue_sample__dev__gpt-4o__seed1__t0.2__mt3,"{'dataset': 'data/scaling/superglue_sample.csv', 'subset': None, 'max_turns': 3, 'provider': 'openai', 'model': 'gpt-4o', 'seeds': [1, 2, 3], 'temperature': 0.2, 'meta': {'git_commit': '', 'harness_versions': {'evalplus_version': 'N/A', 'humaneval_harness': 'local_sandbox_v1', 'gsm8k_extractor_version': 'metrics/accuracy.py@normalize_v2'}, 'os': 'Darwin'}}",dev,SuperGLUE,Self-Correction (3-turn)
True,,superglue,dev,,20250914T063456Z,3,0.2,1,runs_directory,0.866,0.836,0.898,500,sample_1000,20250914T063456Z__superglue_sample_1000__dev__gpt-4__seed1__t0.2__mt3,"{'dataset': 'data/scaling/superglue_sample_1000.csv', 'subset': None, 'max_turns': 3, 'provider': 'openai', 'model': 'gpt-4', 'seeds': [1, 2, 3], 'temperature': 0.2, 'meta': {'git_commit': '', 'harness_versions': {'evalplus_version': 'N/A', 'humaneval_harness': 'local_sandbox_v1', 'gsm8k_extractor_version': 'metrics/accuracy.py@normalize_v2'}, 'os': 'Darwin'}}",dev,SuperGLUE,Self-Correction (3-turn)
True,,superglue,dev,,20250913T121357Z,3,0.2,1,runs_directory,0.0,0.0,0.0,500,sample_1000,20250913T121357Z__superglue_sample_1000__dev__gpt4__seed1__t0.2__mt3,"{'dataset': 'data/scaling/superglue_sample_1000.csv', 'subset': None, 'max_turns': 3, 'provider': 'openai', 'model': 'gpt4', 'seeds': [1, 2, 3], 'temperature': 0.2, 'meta': {'git_commit': '', 'harness_versions': {'evalplus_version': 'N/A', 'humaneval_harness': 'local_sandbox_v1', 'gsm8k_extractor_version': 'metrics/accuracy.py@normalize_v2'}, 'os': 'Darwin'}}",dev,SuperGLUE,Self-Correction (3-turn)
True,,toolqa,dev,,20250913T164208Z,1,0.2,1,runs_directory,0.05,0.01,0.1,100,sample,20250913T164208Z__toolqa_sample__dev__claude-haiku__seed1__t0.2__mt1,"{'dataset': 'data/scaling/toolqa_sample.csv', 'subset': None, 'max_turns': 1, 'provider': 'anthropic', 'model': 'claude-haiku', 'seeds': [1, 2, 3], 'temperature': 0.2, 'meta': {'git_commit': '', 'harness_versions': {'evalplus_version': 'N/A', 'humaneval_harness': 'local_sandbox_v1', 'gsm8k_extractor_version': 'metrics/accuracy.py@normalize_v2'}, 'os': 'Darwin'}}",dev,ToolQA,Baseline
True,,toolqa,dev,,20250913T164134Z,1,0.2,1,runs_directory,0.05,0.01,0.1,100,sample,20250913T164134Z__toolqa_sample__dev__claude-haiku__seed1__t0.2__mt1,"{'dataset': 'data/scaling/toolqa_sample.csv', 'subset': None, 'max_turns': 1, 'provider': 'anthropic', 'model': 'claude-haiku', 'seeds': [1, 2, 3], 'temperature': 0.2, 'meta': {'git_commit': '', 'harness_versions': {'evalplus_version': 'N/A', 'humaneval_harness': 'local_sandbox_v1', 'gsm8k_extractor_version': 'metrics/accuracy.py@normalize_v2'}, 'os': 'Darwin'}}",dev,ToolQA,Baseline
True,,toolqa,dev,,20250913T163940Z,1,0.2,1,runs_directory,0.05,0.01,0.1,100,sample,20250913T163940Z__toolqa_sample__dev__claude-haiku__seed1__t0.2__mt1,"{'dataset': 'data/scaling/toolqa_sample.csv', 'subset': None, 'max_turns': 1, 'provider': 'anthropic', 'model': 'claude-haiku', 'seeds': [1, 2, 3], 'temperature': 0.2, 'meta': {'git_commit': '', 'harness_versions': {'evalplus_version': 'N/A', 'humaneval_harness': 'local_sandbox_v1', 'gsm8k_extractor_version': 'metrics/accuracy.py@normalize_v2'}, 'os': 'Darwin'}}",dev,ToolQA,Baseline
True,,toolqa,dev,,20250913T164057Z,1,0.2,1,runs_directory,0.05,0.01,0.1,100,sample,20250913T164057Z__toolqa_sample__dev__claude-haiku__seed1__t0.2__mt1,"{'dataset': 'data/scaling/toolqa_sample.csv', 'subset': None, 'max_turns': 1, 'provider': 'anthropic', 'model': 'claude-haiku', 'seeds': [1, 2, 3], 'temperature': 0.2, 'meta': {'git_commit': '', 'harness_versions': {'evalplus_version': 'N/A', 'humaneval_harness': 'local_sandbox_v1', 'gsm8k_extractor_version': 'metrics/accuracy.py@normalize_v2'}, 'os': 'Darwin'}}",dev,ToolQA,Baseline
True,,toolqa,dev,,20250912T083408Z,2,0.2,1,runs_directory,0.0,0.0,0.0,100,sample,20250912T083408Z__toolqa_sample__dev__gpt-4o-mini__seed1__t0.2__mt2,"{'dataset': 'data/scaling/toolqa_sample.csv', 'subset': None, 'max_turns': 2, 'provider': 'anthropic', 'model': 'gpt-4o-mini', 'seeds': [1, 2, 3], 'temperature': 0.2, 'meta': {'git_commit': '', 'harness_versions': {'evalplus_version': 'N/A', 'humaneval_harness': 'local_sandbox_v1', 'gsm8k_extractor_version': 'metrics/accuracy.py@normalize_v2'}, 'os': 'Darwin'}}",dev,ToolQA,Self-Correction (2-turn)
True,,toolqa,dev,,20250912T121034Z,2,0.2,1,runs_directory,0.0,0.0,0.0,100,sample,20250912T121034Z__toolqa_sample__dev__gpt-4o-mini__seed1__t0.2__mt2,"{'dataset': 'data/scaling/toolqa_sample.csv', 'subset': None, 'max_turns': 2, 'provider': 'anthropic', 'model': 'gpt-4o-mini', 'seeds': [1, 2, 3], 'temperature': 0.2, 'meta': {'git_commit': '', 'harness_versions': {'evalplus_version': 'N/A', 'humaneval_harness': 'local_sandbox_v1', 'gsm8k_extractor_version': 'metrics/accuracy.py@normalize_v2'}, 'os': 'Darwin'}}",dev,ToolQA,Self-Correction (2-turn)
True,,toolqa,dev,,20250912T121033Z,2,0.2,1,runs_directory,0.0,0.0,0.0,100,sample,20250912T121033Z__toolqa_sample__dev__gpt-4o-mini__seed1__t0.2__mt2,"{'dataset': 'data/scaling/toolqa_sample.csv', 'subset': None, 'max_turns': 2, 'provider': 'openai', 'model': 'gpt-4o-mini', 'seeds': [1, 2, 3], 'temperature': 0.2, 'meta': {'git_commit': '', 'harness_versions': {'evalplus_version': 'N/A', 'humaneval_harness': 'local_sandbox_v1', 'gsm8k_extractor_version': 'metrics/accuracy.py@normalize_v2'}, 'os': 'Darwin'}}",dev,ToolQA,Self-Correction (2-turn)
True,,toolqa,dev,,20250911T234741Z,2,0.2,1,runs_directory,0.0,0.0,0.0,500,sample,20250911T234741Z__toolqa_sample__dev__gpt-4o-mini__seed1__t0.2__mt2,"{'dataset': 'data/scaling/toolqa_sample.csv', 'subset': None, 'max_turns': 2, 'provider': 'anthropic', 'model': 'gpt-4o-mini', 'seeds': [1, 2, 3], 'temperature': 0.2, 'meta': {'git_commit': '', 'harness_versions': {'evalplus_version': 'N/A', 'humaneval_harness': 'local_sandbox_v1', 'gsm8k_extractor_version': 'metrics/accuracy.py@normalize_v2'}, 'os': 'Darwin'}}",dev,ToolQA,Self-Correction (2-turn)
True,,toolqa,dev,,20250913T100659Z,2,0.2,1,runs_directory,0.5,0.4,0.6,100,sample,20250913T100659Z__toolqa_sample__dev__gpt-4o-mini__seed1__t0.2__mt2,"{'dataset': 'data/scaling/toolqa_sample.csv', 'subset': None, 'max_turns': 2, 'provider': 'openai', 'model': 'gpt-4o-mini', 'seeds': [1, 2, 3], 'temperature': 0.2, 'meta': {'git_commit': '', 'harness_versions': {'evalplus_version': 'N/A', 'humaneval_harness': 'local_sandbox_v1', 'gsm8k_extractor_version': 'metrics/accuracy.py@normalize_v2'}, 'os': 'Darwin'}}",dev,ToolQA,Self-Correction (2-turn)
True,,toolqa,dev,,20250912T083426Z,2,0.2,1,runs_directory,0.0,0.0,0.0,100,sample,20250912T083426Z__toolqa_sample__dev__gpt-4o-mini__seed1__t0.2__mt2,"{'dataset': 'data/scaling/toolqa_sample.csv', 'subset': None, 'max_turns': 2, 'provider': 'anthropic', 'model': 'gpt-4o-mini', 'seeds': [1, 2, 3], 'temperature': 0.2, 'meta': {'git_commit': '', 'harness_versions': {'evalplus_version': 'N/A', 'humaneval_harness': 'local_sandbox_v1', 'gsm8k_extractor_version': 'metrics/accuracy.py@normalize_v2'}, 'os': 'Darwin'}}",dev,ToolQA,Self-Correction (2-turn)
True,,toolqa,dev,,20250912T195742Z,3,0.2,1,runs_directory,0.43,0.34,0.53,100,sample,20250912T195742Z__toolqa_sample__dev__gpt-4o-mini__seed1__t0.2__mt3,"{'dataset': 'data/scaling/toolqa_sample.csv', 'subset': None, 'max_turns': 3, 'provider': 'openai', 'model': 'gpt-4o-mini', 'seeds': [1, 2, 3], 'temperature': 0.2, 'meta': {'git_commit': '', 'harness_versions': {'evalplus_version': 'N/A', 'humaneval_harness': 'local_sandbox_v1', 'gsm8k_extractor_version': 'metrics/accuracy.py@normalize_v2'}, 'os': 'Darwin'}}",dev,ToolQA,Self-Correction (3-turn)
True,,toolqa,dev,,20250912T195744Z,3,0.2,1,runs_directory,0.0,0.0,0.0,100,sample,20250912T195744Z__toolqa_sample__dev__gpt-4o-mini__seed1__t0.2__mt3,"{'dataset': 'data/scaling/toolqa_sample.csv', 'subset': None, 'max_turns': 3, 'provider': 'anthropic', 'model': 'gpt-4o-mini', 'seeds': [1, 2, 3], 'temperature': 0.2, 'meta': {'git_commit': '', 'harness_versions': {'evalplus_version': 'N/A', 'humaneval_harness': 'local_sandbox_v1', 'gsm8k_extractor_version': 'metrics/accuracy.py@normalize_v2'}, 'os': 'Darwin'}}",dev,ToolQA,Self-Correction (3-turn)
True,,toolqa,dev,,20250909T231458Z,3,0.2,1,runs_directory,0.0,0.0,0.0,500,sample,20250909T231458Z__toolqa_sample__dev__gpt-4o-mini__seed1__t0.2__mt3,"{'dataset': 'data/scaling/toolqa_sample.csv', 'subset': None, 'max_turns': 3, 'provider': 'anthropic', 'model': 'gpt-4o-mini', 'seeds': [1, 2, 3], 'temperature': 0.2, 'meta': {'git_commit': '', 'harness_versions': {'evalplus_version': 'N/A', 'humaneval_harness': 'local_sandbox_v1', 'gsm8k_extractor_version': 'metrics/accuracy.py@normalize_v2'}, 'os': 'Darwin'}}",dev,ToolQA,Self-Correction (3-turn)
True,,toolqa,dev,,20250912T200025Z,3,0.2,1,runs_directory,0.0,0.0,0.0,100,sample,20250912T200025Z__toolqa_sample__dev__gpt-4o__seed1__t0.2__mt3,"{'dataset': 'data/scaling/toolqa_sample.csv', 'subset': None, 'max_turns': 3, 'provider': 'anthropic', 'model': 'gpt-4o', 'seeds': [1, 2, 3], 'temperature': 0.2, 'meta': {'git_commit': '', 'harness_versions': {'evalplus_version': 'N/A', 'humaneval_harness': 'local_sandbox_v1', 'gsm8k_extractor_version': 'metrics/accuracy.py@normalize_v2'}, 'os': 'Darwin'}}",dev,ToolQA,Self-Correction (3-turn)
True,,toolqa,dev,,20250908T013749Z,3,0.2,1,runs_directory,0.39,0.3,0.49,100,sample,20250908T013749Z__toolqa_sample__dev__gpt-4o-mini__seed1__t0.2__mt3,"{'dataset': 'data/scaling/toolqa_sample.csv', 'subset': None, 'max_turns': 3, 'provider': 'openai', 'model': 'gpt-4o-mini', 'seeds': [1, 2, 3], 'temperature': 0.2, 'meta': {'git_commit': '', 'harness_versions': {'evalplus_version': 'N/A', 'humaneval_harness': 'local_sandbox_v1', 'gsm8k_extractor_version': 'metrics/accuracy.py@normalize_v2'}, 'os': 'Darwin'}}",dev,ToolQA,Self-Correction (3-turn)
True,,toolqa,dev,,20250910T090947Z,3,0.2,1,runs_directory,0.818,0.782,0.85,500,sample,20250910T090947Z__toolqa_sample__dev__gpt-4o-mini__seed1__t0.2__mt3,"{'dataset': 'data/scaling/toolqa_sample.csv', 'subset': None, 'max_turns': 3, 'provider': 'openai', 'model': 'gpt-4o-mini', 'seeds': [1, 2, 3], 'temperature': 0.2, 'meta': {'git_commit': '', 'harness_versions': {'evalplus_version': 'N/A', 'humaneval_harness': 'local_sandbox_v1', 'gsm8k_extractor_version': 'metrics/accuracy.py@normalize_v2'}, 'os': 'Darwin'}}",dev,ToolQA,Self-Correction (3-turn)
True,,toolqa,dev,,20250913T101040Z,3,0.2,1,runs_directory,0.0,0.0,0.0,100,sample,20250913T101040Z__toolqa_sample__dev__gpt-4o-mini__seed1__t0.2__mt3,"{'dataset': 'data/scaling/toolqa_sample.csv', 'subset': None, 'max_turns': 3, 'provider': 'anthropic', 'model': 'gpt-4o-mini', 'seeds': [1, 2, 3], 'temperature': 0.2, 'meta': {'git_commit': '', 'harness_versions': {'evalplus_version': 'N/A', 'humaneval_harness': 'local_sandbox_v1', 'gsm8k_extractor_version': 'metrics/accuracy.py@normalize_v2'}, 'os': 'Darwin'}}",dev,ToolQA,Self-Correction (3-turn)
True,,toolqa,dev,,20250913T082455Z,3,0.2,1,runs_directory,0.948,0.928,0.966,500,sample_1000,20250913T082455Z__toolqa_sample_1000__dev__claude-3-haiku-20240307__seed1__t0.2__mt3,"{'dataset': 'data/scaling/toolqa_sample_1000.csv', 'subset': None, 'max_turns': 3, 'provider': 'anthropic', 'model': 'claude-3-haiku-20240307', 'seeds': [1, 2, 3], 'temperature': 0.2, 'meta': {'git_commit': '', 'harness_versions': {'evalplus_version': 'N/A', 'humaneval_harness': 'local_sandbox_v1', 'gsm8k_extractor_version': 'metrics/accuracy.py@normalize_v2'}, 'os': 'Darwin'}}",dev,ToolQA,Self-Correction (3-turn)
True,,toolqa,dev,,20250913T100116Z,3,0.2,1,runs_directory,0.5,0.4,0.6,100,sample,20250913T100116Z__toolqa_sample__dev__gpt-4o-mini__seed1__t0.2__mt3,"{'dataset': 'data/scaling/toolqa_sample.csv', 'subset': None, 'max_turns': 3, 'provider': 'openai', 'model': 'gpt-4o-mini', 'seeds': [1, 2, 3], 'temperature': 0.2, 'meta': {'git_commit': '', 'harness_versions': {'evalplus_version': 'N/A', 'humaneval_harness': 'local_sandbox_v1', 'gsm8k_extractor_version': 'metrics/accuracy.py@normalize_v2'}, 'os': 'Darwin'}}",dev,ToolQA,Self-Correction (3-turn)
True,,toolqa,dev,,20250913T110235Z,3,0.2,1,runs_directory,0.952,0.934,0.97,500,sample_1000,20250913T110235Z__toolqa_sample_1000__dev__gpt-4__seed1__t0.2__mt3,"{'dataset': 'data/scaling/toolqa_sample_1000.csv', 'subset': None, 'max_turns': 3, 'provider': 'openai', 'model': 'gpt-4', 'seeds': [1, 2, 3], 'temperature': 0.2, 'meta': {'git_commit': '', 'harness_versions': {'evalplus_version': 'N/A', 'humaneval_harness': 'local_sandbox_v1', 'gsm8k_extractor_version': 'metrics/accuracy.py@normalize_v2'}, 'os': 'Darwin'}}",dev,ToolQA,Self-Correction (3-turn)
True,,toolqa,dev,,20250913T083152Z,3,0.2,1,runs_directory,0.982,0.97,0.992,500,sample_1000,20250913T083152Z__toolqa_sample_1000__dev__gpt-4o__seed1__t0.2__mt3,"{'dataset': 'data/scaling/toolqa_sample_1000.csv', 'subset': None, 'max_turns': 3, 'provider': 'openai', 'model': 'gpt-4o', 'seeds': [1, 2, 3], 'temperature': 0.2, 'meta': {'git_commit': '', 'harness_versions': {'evalplus_version': 'N/A', 'humaneval_harness': 'local_sandbox_v1', 'gsm8k_extractor_version': 'metrics/accuracy.py@normalize_v2'}, 'os': 'Darwin'}}",dev,ToolQA,Self-Correction (3-turn)
True,,toolqa,dev,,20250913T101039Z,3,0.2,1,runs_directory,0.5,0.4,0.6,100,sample,20250913T101039Z__toolqa_sample__dev__gpt-4o-mini__seed1__t0.2__mt3,"{'dataset': 'data/scaling/toolqa_sample.csv', 'subset': None, 'max_turns': 3, 'provider': 'openai', 'model': 'gpt-4o-mini', 'seeds': [1, 2, 3], 'temperature': 0.2, 'meta': {'git_commit': '', 'harness_versions': {'evalplus_version': 'N/A', 'humaneval_harness': 'local_sandbox_v1', 'gsm8k_extractor_version': 'metrics/accuracy.py@normalize_v2'}, 'os': 'Darwin'}}",dev,ToolQA,Self-Correction (3-turn)
True,,toolqa,dev,,20250910T003153Z,3,0.2,1,runs_directory,0.814,0.78,0.846,500,sample,20250910T003153Z__toolqa_sample__dev__gpt-4o-mini__seed1__t0.2__mt3,"{'dataset': 'data/scaling/toolqa_sample.csv', 'subset': None, 'max_turns': 3, 'provider': 'openai', 'model': 'gpt-4o-mini', 'seeds': [1, 2, 3], 'temperature': 0.2, 'meta': {'git_commit': '', 'harness_versions': {'evalplus_version': 'N/A', 'humaneval_harness': 'local_sandbox_v1', 'gsm8k_extractor_version': 'metrics/accuracy.py@normalize_v2'}, 'os': 'Darwin'}}",dev,ToolQA,Self-Correction (3-turn)
True,,toolqa,dev,,20250908T013750Z,3,0.2,1,runs_directory,0.0,0.0,0.0,100,sample,20250908T013750Z__toolqa_sample__dev__gpt-4o-mini__seed1__t0.2__mt3,"{'dataset': 'data/scaling/toolqa_sample.csv', 'subset': None, 'max_turns': 3, 'provider': 'anthropic', 'model': 'gpt-4o-mini', 'seeds': [1, 2, 3], 'temperature': 0.2, 'meta': {'git_commit': '', 'harness_versions': {'evalplus_version': 'N/A', 'humaneval_harness': 'local_sandbox_v1', 'gsm8k_extractor_version': 'metrics/accuracy.py@normalize_v2'}, 'os': 'Darwin'}}",dev,ToolQA,Self-Correction (3-turn)
True,,toolqa,dev,,20250913T105258Z,3,0.2,1,runs_directory,0.058,0.038,0.08,500,sample_1000,20250913T105258Z__toolqa_sample_1000__dev__meta-meta-llama-3-70b__seed1__t0.2__mt3,"{'dataset': 'data/scaling/toolqa_sample_1000.csv', 'subset': None, 'max_turns': 3, 'provider': 'replicate', 'model': 'meta/meta-llama-3-70b', 'seeds': [1, 2, 3], 'temperature': 0.2, 'meta': {'git_commit': '', 'harness_versions': {'evalplus_version': 'N/A', 'humaneval_harness': 'local_sandbox_v1', 'gsm8k_extractor_version': 'metrics/accuracy.py@normalize_v2'}, 'os': 'Darwin'}}",dev,ToolQA,Self-Correction (3-turn)
True,,toolqa,dev,,20250908T001253Z,3,0.2,1,runs_directory,0.0,0.0,0.0,100,sample,20250908T001253Z__toolqa_sample__dev__gpt-4o-mini__seed1__t0.2__mt3,"{'dataset': 'data/scaling/toolqa_sample.csv', 'subset': None, 'max_turns': 3, 'provider': 'anthropic', 'model': 'gpt-4o-mini', 'seeds': [1, 2, 3], 'temperature': 0.2, 'meta': {'git_commit': '', 'harness_versions': {'evalplus_version': 'N/A', 'humaneval_harness': 'local_sandbox_v1', 'gsm8k_extractor_version': 'metrics/accuracy.py@normalize_v2'}, 'os': 'Darwin'}}",dev,ToolQA,Self-Correction (3-turn)
True,,toolqa,dev,,20250912T200023Z,3,0.2,1,runs_directory,0.5,0.4,0.6,100,sample,20250912T200023Z__toolqa_sample__dev__gpt-4o__seed1__t0.2__mt3,"{'dataset': 'data/scaling/toolqa_sample.csv', 'subset': None, 'max_turns': 3, 'provider': 'openai', 'model': 'gpt-4o', 'seeds': [1, 2, 3], 'temperature': 0.2, 'meta': {'git_commit': '', 'harness_versions': {'evalplus_version': 'N/A', 'humaneval_harness': 'local_sandbox_v1', 'gsm8k_extractor_version': 'metrics/accuracy.py@normalize_v2'}, 'os': 'Darwin'}}",dev,ToolQA,Self-Correction (3-turn)
True,,toolqa,dev,,20250909T231457Z,3,0.2,1,runs_directory,0.826,0.788,0.858,500,sample,20250909T231457Z__toolqa_sample__dev__gpt-4o-mini__seed1__t0.2__mt3,"{'dataset': 'data/scaling/toolqa_sample.csv', 'subset': None, 'max_turns': 3, 'provider': 'openai', 'model': 'gpt-4o-mini', 'seeds': [1, 2, 3], 'temperature': 0.2, 'meta': {'git_commit': '', 'harness_versions': {'evalplus_version': 'N/A', 'humaneval_harness': 'local_sandbox_v1', 'gsm8k_extractor_version': 'metrics/accuracy.py@normalize_v2'}, 'os': 'Darwin'}}",dev,ToolQA,Self-Correction (3-turn)
True,,toolqa,dev,,20250910T000740Z,3,0.2,1,runs_directory,0.798,0.762,0.832,500,sample,20250910T000740Z__toolqa_sample__dev__gpt-4o-mini__seed1__t0.2__mt3,"{'dataset': 'data/scaling/toolqa_sample.csv', 'subset': None, 'max_turns': 3, 'provider': 'openai', 'model': 'gpt-4o-mini', 'seeds': [1, 2, 3], 'temperature': 0.2, 'meta': {'git_commit': '', 'harness_versions': {'evalplus_version': 'N/A', 'humaneval_harness': 'local_sandbox_v1', 'gsm8k_extractor_version': 'metrics/accuracy.py@normalize_v2'}, 'os': 'Darwin'}}",dev,ToolQA,Self-Correction (3-turn)
True,,toolqa,dev,,20250910T000741Z,3,0.2,1,runs_directory,0.0,0.0,0.0,500,sample,20250910T000741Z__toolqa_sample__dev__gpt-4o-mini__seed1__t0.2__mt3,"{'dataset': 'data/scaling/toolqa_sample.csv', 'subset': None, 'max_turns': 3, 'provider': 'anthropic', 'model': 'gpt-4o-mini', 'seeds': [1, 2, 3], 'temperature': 0.2, 'meta': {'git_commit': '', 'harness_versions': {'evalplus_version': 'N/A', 'humaneval_harness': 'local_sandbox_v1', 'gsm8k_extractor_version': 'metrics/accuracy.py@normalize_v2'}, 'os': 'Darwin'}}",dev,ToolQA,Self-Correction (3-turn)
True,,toolqa,dev,,20250910T003154Z,3,0.2,1,runs_directory,0.0,0.0,0.0,500,sample,20250910T003154Z__toolqa_sample__dev__claude-3-haiku-20240307__seed1__t0.2__mt3,"{'dataset': 'data/scaling/toolqa_sample.csv', 'subset': None, 'max_turns': 3, 'provider': 'anthropic', 'model': 'claude-3-haiku-20240307', 'seeds': [1, 2, 3], 'temperature': 0.2, 'meta': {'git_commit': '', 'harness_versions': {'evalplus_version': 'N/A', 'humaneval_harness': 'local_sandbox_v1', 'gsm8k_extractor_version': 'metrics/accuracy.py@normalize_v2'}, 'os': 'Darwin'}}",dev,ToolQA,Self-Correction (3-turn)
True,,toolqa,dev,,20250913T101320Z,3,0.2,1,runs_directory,0.5,0.4,0.6,100,sample,20250913T101320Z__toolqa_sample__dev__gpt-4o__seed1__t0.2__mt3,"{'dataset': 'data/scaling/toolqa_sample.csv', 'subset': None, 'max_turns': 3, 'provider': 'openai', 'model': 'gpt-4o', 'seeds': [1, 2, 3], 'temperature': 0.2, 'meta': {'git_commit': '', 'harness_versions': {'evalplus_version': 'N/A', 'humaneval_harness': 'local_sandbox_v1', 'gsm8k_extractor_version': 'metrics/accuracy.py@normalize_v2'}, 'os': 'Darwin'}}",dev,ToolQA,Self-Correction (3-turn)
True,,toolqa,dev,,20250913T100433Z,3,0.2,1,runs_directory,0.5,0.4,0.6,100,sample,20250913T100433Z__toolqa_sample__dev__gpt-4o__seed1__t0.2__mt3,"{'dataset': 'data/scaling/toolqa_sample.csv', 'subset': None, 'max_turns': 3, 'provider': 'openai', 'model': 'gpt-4o', 'seeds': [1, 2, 3], 'temperature': 0.2, 'meta': {'git_commit': '', 'harness_versions': {'evalplus_version': 'N/A', 'humaneval_harness': 'local_sandbox_v1', 'gsm8k_extractor_version': 'metrics/accuracy.py@normalize_v2'}, 'os': 'Darwin'}}",dev,ToolQA,Self-Correction (3-turn)
True,,toolqa,dev,,20250913T084811Z,3,0.2,1,runs_directory,1.0,1.0,1.0,500,sample_1000,20250913T084811Z__toolqa_sample_1000__dev__claude-3-5-sonnet-20241022__seed1__t0.2__mt3,"{'dataset': 'data/scaling/toolqa_sample_1000.csv', 'subset': None, 'max_turns': 3, 'provider': 'anthropic', 'model': 'claude-3-5-sonnet-20241210', 'seeds': [1, 2, 3], 'temperature': 0.2, 'meta': {'git_commit': '', 'harness_versions': {'evalplus_version': 'N/A', 'humaneval_harness': 'local_sandbox_v1', 'gsm8k_extractor_version': 'metrics/accuracy.py@normalize_v2'}, 'os': 'Darwin'}}",dev,ToolQA,Self-Correction (3-turn)
True,,toolqa,dev,,20250910T094417Z,3,0.2,1,runs_directory,0.808,0.774,0.844,500,sample,20250910T094417Z__toolqa_sample__dev__gpt-4o-mini__seed1__t0.2__mt3,"{'dataset': 'data/scaling/toolqa_sample.csv', 'subset': None, 'max_turns': 3, 'provider': 'openai', 'model': 'gpt-4o-mini', 'seeds': [1, 2, 3], 'temperature': 0.2, 'meta': {'git_commit': '', 'harness_versions': {'evalplus_version': 'N/A', 'humaneval_harness': 'local_sandbox_v1', 'gsm8k_extractor_version': 'metrics/accuracy.py@normalize_v2'}, 'os': 'Darwin'}}",dev,ToolQA,Self-Correction (3-turn)
True,,toolqa,dev,,20250913T100118Z,3,0.2,1,runs_directory,0.0,0.0,0.0,100,sample,20250913T100118Z__toolqa_sample__dev__gpt-4o-mini__seed1__t0.2__mt3,"{'dataset': 'data/scaling/toolqa_sample.csv', 'subset': None, 'max_turns': 3, 'provider': 'anthropic', 'model': 'gpt-4o-mini', 'seeds': [1, 2, 3], 'temperature': 0.2, 'meta': {'git_commit': '', 'harness_versions': {'evalplus_version': 'N/A', 'humaneval_harness': 'local_sandbox_v1', 'gsm8k_extractor_version': 'metrics/accuracy.py@normalize_v2'}, 'os': 'Darwin'}}",dev,ToolQA,Self-Correction (3-turn)
True,,toolqa,dev,,20250910T091427Z,3,0.2,1,runs_directory,0.944,0.924,0.962,500,sample,20250910T091427Z__toolqa_sample__dev__claude-3-haiku-20240307__seed1__t0.2__mt3,"{'dataset': 'data/scaling/toolqa_sample.csv', 'subset': None, 'max_turns': 3, 'provider': 'anthropic', 'model': 'claude-3-haiku-20240307', 'seeds': [1, 2, 3], 'temperature': 0.2, 'meta': {'git_commit': '', 'harness_versions': {'evalplus_version': 'N/A', 'humaneval_harness': 'local_sandbox_v1', 'gsm8k_extractor_version': 'metrics/accuracy.py@normalize_v2'}, 'os': 'Darwin'}}",dev,ToolQA,Self-Correction (3-turn)
True,,toolqa,dev,,20250910T095222Z,3,0.2,1,runs_directory,0.948,0.926,0.966,500,sample,20250910T095222Z__toolqa_sample__dev__claude-3-haiku-20240307__seed1__t0.2__mt3,"{'dataset': 'data/scaling/toolqa_sample.csv', 'subset': None, 'max_turns': 3, 'provider': 'anthropic', 'model': 'claude-3-haiku-20240307', 'seeds': [1, 2, 3], 'temperature': 0.2, 'meta': {'git_commit': '', 'harness_versions': {'evalplus_version': 'N/A', 'humaneval_harness': 'local_sandbox_v1', 'gsm8k_extractor_version': 'metrics/accuracy.py@normalize_v2'}, 'os': 'Darwin'}}",dev,ToolQA,Self-Correction (3-turn)
True,,toolqa,dev,,20250908T235227Z,3,0.2,1,runs_directory,0.0,0.0,0.0,500,sample,20250908T235227Z__toolqa_sample__dev__gpt-4o-mini__seed1__t0.2__mt3,"{'dataset': 'data/scaling/toolqa_sample.csv', 'subset': None, 'max_turns': 3, 'provider': 'anthropic', 'model': 'gpt-4o-mini', 'seeds': [1, 2, 3], 'temperature': 0.2, 'meta': {'git_commit': '', 'harness_versions': {'evalplus_version': 'N/A', 'humaneval_harness': 'local_sandbox_v1', 'gsm8k_extractor_version': 'metrics/accuracy.py@normalize_v2'}, 'os': 'Darwin'}}",dev,ToolQA,Self-Correction (3-turn)
True,,toolqa,dev,,20250913T081723Z,3,0.2,1,runs_directory,0.832,0.798,0.862,500,sample_1000,20250913T081723Z__toolqa_sample_1000__dev__gpt-4o-mini__seed1__t0.2__mt3,"{'dataset': 'data/scaling/toolqa_sample_1000.csv', 'subset': None, 'max_turns': 3, 'provider': 'openai', 'model': 'gpt-4o-mini', 'seeds': [1, 2, 3], 'temperature': 0.2, 'meta': {'git_commit': '', 'harness_versions': {'evalplus_version': 'N/A', 'humaneval_harness': 'local_sandbox_v1', 'gsm8k_extractor_version': 'metrics/accuracy.py@normalize_v2'}, 'os': 'Darwin'}}",dev,ToolQA,Self-Correction (3-turn)
True,,toolqa,dev,,20250908T235226Z,3,0.2,1,runs_directory,0.8,0.764,0.834,500,sample,20250908T235226Z__toolqa_sample__dev__gpt-4o-mini__seed1__t0.2__mt3,"{'dataset': 'data/scaling/toolqa_sample.csv', 'subset': None, 'max_turns': 3, 'provider': 'openai', 'model': 'gpt-4o-mini', 'seeds': [1, 2, 3], 'temperature': 0.2, 'meta': {'git_commit': '', 'harness_versions': {'evalplus_version': 'N/A', 'humaneval_harness': 'local_sandbox_v1', 'gsm8k_extractor_version': 'metrics/accuracy.py@normalize_v2'}, 'os': 'Darwin'}}",dev,ToolQA,Self-Correction (3-turn)
True,,gsm8k16,full_system,,20250903T063813Z,2,0.2,1,runs_directory,1.0,1.0,1.0,16,dev,20250903T063813Z__gsm8k16__full_system__gpt-4o__seed1__t0.2__mt2,"{'dataset': 'data/smoke/gsm8k16.csv', 'subset': None, 'max_turns': 2, 'provider': 'openai', 'model': 'gpt-4o', 'seeds': [1, 2, 3], 'temperature': 0.2, 'meta': {'git_commit': '', 'harness_versions': {'evalplus_version': 'N/A', 'humaneval_harness': 'local_sandbox_v1', 'gsm8k_extractor_version': 'metrics/accuracy.py@normalize_v2'}, 'os': 'Darwin'}}",full_system,gsm8k16,Self-Correction (2-turn)
True,,gsm8k16,smoke_test,,20250903T063736Z,2,0.2,1,runs_directory,1.0,1.0,1.0,16,dev,20250903T063736Z__gsm8k16__smoke_test__gpt-4o__seed1__t0.2__mt2,"{'dataset': 'data/smoke/gsm8k16.csv', 'subset': None, 'max_turns': 2, 'provider': 'demo', 'model': 'gpt-4o', 'seeds': [1, 2, 3], 'temperature': 0.2, 'meta': {'git_commit': '', 'harness_versions': {'evalplus_version': 'N/A', 'humaneval_harness': 'local_sandbox_v1', 'gsm8k_extractor_version': 'metrics/accuracy.py@normalize_v2'}, 'os': 'Darwin'}}",smoke_test,gsm8k16,Self-Correction (2-turn)
True,,gsm8k16,smoke_test,,20250903T063713Z,2,0.2,1,runs_directory,1.0,1.0,1.0,16,dev,20250903T063713Z__gsm8k16__smoke_test__gpt-4o__seed1__t0.2__mt2,"{'dataset': 'data/smoke/gsm8k16.csv', 'subset': None, 'max_turns': 2, 'provider': 'demo', 'model': 'gpt-4o', 'seeds': [1, 2, 3], 'temperature': 0.2, 'meta': {'git_commit': '', 'harness_versions': {'evalplus_version': 'N/A', 'humaneval_harness': 'local_sandbox_v1', 'gsm8k_extractor_version': 'metrics/accuracy.py@normalize_v2'}, 'os': 'Darwin'}}",smoke_test,gsm8k16,Self-Correction (2-turn)
True,,math,dev,,20250908T001102Z,1,0.2,1,runs_directory,0.0,0.0,0.0,20,sample_20,20250908T001102Z__math_sample_20__dev__gpt-4o-mini__seed1__t0.2__mt1,"{'dataset': 'data/math_sample_20.csv', 'subset': None, 'max_turns': 1, 'provider': 'demo', 'model': 'gpt-4o-mini', 'seeds': [1, 2, 3], 'temperature': 0.2, 'meta': {'git_commit': '', 'harness_versions': {'evalplus_version': 'N/A', 'humaneval_harness': 'local_sandbox_v1', 'gsm8k_extractor_version': 'metrics/accuracy.py@normalize_v2'}, 'os': 'Darwin'}}",dev,math,Baseline
True,,math,dev,,20250908T013310Z,1,0.2,1,runs_directory,0.35,0.15,0.55,20,sample_20,20250908T013310Z__math_sample_20__dev__gpt-4o-mini__seed1__t0.2__mt1,"{'dataset': 'data/math_sample_20.csv', 'subset': None, 'max_turns': 1, 'provider': 'openai', 'model': 'gpt-4o-mini', 'seeds': [1, 2, 3], 'temperature': 0.2, 'meta': {'git_commit': '', 'harness_versions': {'evalplus_version': 'N/A', 'humaneval_harness': 'local_sandbox_v1', 'gsm8k_extractor_version': 'metrics/accuracy.py@normalize_v2'}, 'os': 'Darwin'}}",dev,math,Baseline
True,,math,dev,,20250908T013315Z,1,0.2,1,runs_directory,0.0,0.0,0.0,20,sample_20,20250908T013315Z__math_sample_20__dev__claude-haiku__seed1__t0.2__mt1,"{'dataset': 'data/math_sample_20.csv', 'subset': None, 'max_turns': 1, 'provider': 'anthropic', 'model': 'claude-haiku', 'seeds': [1, 2, 3], 'temperature': 0.2, 'meta': {'git_commit': '', 'harness_versions': {'evalplus_version': 'N/A', 'humaneval_harness': 'local_sandbox_v1', 'gsm8k_extractor_version': 'metrics/accuracy.py@normalize_v2'}, 'os': 'Darwin'}}",dev,math,Baseline
True,,math,dev,,20250916T090445Z,2,0.2,1,runs_directory,0.0,0.0,0.0,5,smoke,20250916T090445Z__math_smoke__dev__demo__seed1__t0.2__mt2,"{'dataset': 'test_data/math_smoke.csv', 'subset': None, 'max_turns': 2, 'provider': 'demo', 'model': 'demo', 'seeds': [1, 2, 3], 'temperature': 0.2, 'meta': {'git_commit': '', 'harness_versions': {'evalplus_version': 'N/A', 'humaneval_harness': 'local_sandbox_v1', 'gsm8k_extractor_version': 'metrics/accuracy.py@normalize_v2'}, 'os': 'Darwin'}}",dev,math,Self-Correction (2-turn)
True,,math,dev,,20250908T001239Z,3,0.2,1,runs_directory,0.0,0.0,0.0,20,sample_20,20250908T001239Z__math_sample_20__dev__gpt-4o-mini__seed1__t0.2__mt3,"{'dataset': 'data/math_sample_20.csv', 'subset': None, 'max_turns': 3, 'provider': 'anthropic', 'model': 'gpt-4o-mini', 'seeds': [1, 2, 3], 'temperature': 0.2, 'meta': {'git_commit': '', 'harness_versions': {'evalplus_version': 'N/A', 'humaneval_harness': 'local_sandbox_v1', 'gsm8k_extractor_version': 'metrics/accuracy.py@normalize_v2'}, 'os': 'Darwin'}}",dev,math,Self-Correction (3-turn)
True,,math20,dev,20.0,20250903T063736Z,2,0.2,1,runs_directory,1.0,1.0,1.0,3,dev,20250903T063736Z__math20__dev__gpt-4o__seed1__t0.2__mt2,"{'dataset': 'data/math20.csv', 'subset': None, 'max_turns': 2, 'provider': 'demo', 'model': 'gpt-4o', 'seeds': [1, 2, 3], 'temperature': 0.2, 'meta': {'git_commit': '', 'harness_versions': {'evalplus_version': 'N/A', 'humaneval_harness': 'local_sandbox_v1', 'gsm8k_extractor_version': 'metrics/accuracy.py@normalize_v2'}, 'os': 'Darwin'}}",dev,math20,Self-Correction (2-turn)
True,,math20,dev,20.0,20250903T063713Z,2,0.2,1,runs_directory,1.0,1.0,1.0,3,dev,20250903T063713Z__math20__dev__gpt-4o__seed1__t0.2__mt2,"{'dataset': 'data/math20.csv', 'subset': None, 'max_turns': 2, 'provider': 'demo', 'model': 'gpt-4o', 'seeds': [1, 2, 3], 'temperature': 0.2, 'meta': {'git_commit': '', 'harness_versions': {'evalplus_version': 'N/A', 'humaneval_harness': 'local_sandbox_v1', 'gsm8k_extractor_version': 'metrics/accuracy.py@normalize_v2'}, 'os': 'Darwin'}}",dev,math20,Self-Correction (2-turn)
True,,math20,dev,20.0,20250916T043554Z,2,0.2,1,runs_directory,0.0,0.0,0.0,3,dev,20250916T043554Z__math20__dev__gpt-4o-mini__seed1__t0.2__mt2,"{'dataset': 'data/math20.csv', 'subset': None, 'max_turns': 2, 'provider': 'demo', 'model': 'gpt-4o-mini', 'seeds': [1, 2, 3], 'temperature': 0.2, 'meta': {'git_commit': '', 'harness_versions': {'evalplus_version': 'N/A', 'humaneval_harness': 'local_sandbox_v1', 'gsm8k_extractor_version': 'metrics/accuracy.py@normalize_v2'}, 'os': 'Darwin'}}",dev,math20,Self-Correction (2-turn)
True,,math20,dev,20.0,20250909T025554Z,3,0.2,1,runs_directory,1.0,1.0,1.0,3,dev,20250909T025554Z__math20__dev__claude-3-haiku-20240307__seed1__t0.2__mt3,"{'dataset': 'data/math20.csv', 'subset': None, 'max_turns': 3, 'provider': 'anthropic', 'model': 'claude-3-haiku-20240307', 'seeds': [1, 2, 3], 'temperature': 0.2, 'meta': {'git_commit': '', 'harness_versions': {'evalplus_version': 'N/A', 'humaneval_harness': 'local_sandbox_v1', 'gsm8k_extractor_version': 'metrics/accuracy.py@normalize_v2'}, 'os': 'Darwin'}}",dev,math20,Self-Correction (3-turn)
True,,math20,dev,20.0,20250909T025604Z,3,0.2,1,runs_directory,1.0,1.0,1.0,3,dev,20250909T025604Z__math20__dev__meta-llama-2-70b-chat__seed1__t0.2__mt3,"{'dataset': 'data/math20.csv', 'subset': None, 'max_turns': 3, 'provider': 'replicate', 'model': 'meta/llama-2-70b-chat', 'seeds': [1, 2, 3], 'temperature': 0.2, 'meta': {'git_commit': '', 'harness_versions': {'evalplus_version': 'N/A', 'humaneval_harness': 'local_sandbox_v1', 'gsm8k_extractor_version': 'metrics/accuracy.py@normalize_v2'}, 'os': 'Darwin'}}",dev,math20,Self-Correction (3-turn)
True,,math20,dev,20.0,20250909T025822Z,3,0.2,1,runs_directory,1.0,1.0,1.0,3,dev,20250909T025822Z__math20__dev__gpt-4o-mini__seed1__t0.2__mt3,"{'dataset': 'data/math20.csv', 'subset': None, 'max_turns': 3, 'provider': 'openai', 'model': 'gpt-4o-mini', 'seeds': [1, 2, 3], 'temperature': 0.2, 'meta': {'git_commit': '', 'harness_versions': {'evalplus_version': 'N/A', 'humaneval_harness': 'local_sandbox_v1', 'gsm8k_extractor_version': 'metrics/accuracy.py@normalize_v2'}, 'os': 'Darwin'}}",dev,math20,Self-Correction (3-turn)
True,,math20,dev,20.0,20250909T030014Z,3,0.2,1,runs_directory,1.0,1.0,1.0,3,dev,20250909T030014Z__math20__dev__gpt-4o-mini__seed1__t0.2__mt3,"{'dataset': 'data/math20.csv', 'subset': None, 'max_turns': 3, 'provider': 'openai', 'model': 'gpt-4o-mini', 'seeds': [1, 2, 3], 'temperature': 0.2, 'meta': {'git_commit': '', 'harness_versions': {'evalplus_version': 'N/A', 'humaneval_harness': 'local_sandbox_v1', 'gsm8k_extractor_version': 'metrics/accuracy.py@normalize_v2'}, 'os': 'Darwin'}}",dev,math20,Self-Correction (3-turn)
True,,test,dev,,20250916T060139Z,1,0.2,1,runs_directory,0.0,0.0,0.0,2,data,20250916T060139Z__test_data__dev__gpt-4o-mini__seed1__t0.2__mt1,"{'dataset': 'test_data.csv', 'subset': None, 'max_turns': 1, 'provider': 'demo', 'model': 'gpt-4o-mini', 'seeds': [1, 2, 3], 'temperature': 0.2, 'meta': {'git_commit': '', 'harness_versions': {'evalplus_version': 'N/A', 'humaneval_harness': 'local_sandbox_v1', 'gsm8k_extractor_version': 'metrics/accuracy.py@normalize_v2'}, 'os': 'Darwin'}}",dev,test,Baseline
True,,test,dev,,20250916T060009Z,2,0.2,1,runs_directory,0.0,0.0,0.0,2,toolqa,20250916T060009Z__test_toolqa__dev__gpt-4o-mini__seed1__t0.2__mt2,"{'dataset': 'test_toolqa.csv', 'subset': None, 'max_turns': 2, 'provider': 'demo', 'model': 'gpt-4o-mini', 'seeds': [1, 2, 3], 'temperature': 0.2, 'meta': {'git_commit': '', 'harness_versions': {'evalplus_version': 'N/A', 'humaneval_harness': 'local_sandbox_v1', 'gsm8k_extractor_version': 'metrics/accuracy.py@normalize_v2'}, 'os': 'Darwin'}}",dev,test,Self-Correction (2-turn)
True,,test,dev,,20250916T060047Z,2,0.2,1,runs_directory,0.0,0.0,0.0,2,toolqa,20250916T060047Z__test_toolqa__dev__gpt-4o-mini__seed1__t0.2__mt2,"{'dataset': 'test_toolqa.csv', 'subset': None, 'max_turns': 2, 'provider': 'demo', 'model': 'gpt-4o-mini', 'seeds': [1, 2, 3], 'temperature': 0.2, 'meta': {'git_commit': '', 'harness_versions': {'evalplus_version': 'N/A', 'humaneval_harness': 'local_sandbox_v1', 'gsm8k_extractor_version': 'metrics/accuracy.py@normalize_v2'}, 'os': 'Darwin'}}",dev,test,Self-Correction (2-turn)
True,,test,dev,,20250909T235622Z,2,0.2,1,runs_directory,0.0,0.0,0.0,3,100,20250909T235622Z__test_100__dev__gpt-4o-mini__seed1__t0.2__mt2,"{'dataset': 'data/gsm8k/test_100.jsonl', 'subset': None, 'max_turns': 2, 'provider': 'anthropic', 'model': 'gpt-4o-mini', 'seeds': [1, 2, 3], 'temperature': 0.2, 'meta': {'git_commit': '', 'harness_versions': {'evalplus_version': 'N/A', 'humaneval_harness': 'local_sandbox_v1', 'gsm8k_extractor_version': 'metrics/accuracy.py@normalize_v2'}, 'os': 'Darwin'}}",dev,test,Self-Correction (2-turn)
True,,test,dev,,20250916T172011Z,2,0.2,1,runs_directory,0.0,0.0,0.0,3,demo,20250916T172011Z__test_demo__dev__gpt-4o-mini__seed1__t0.2__mt2,"{'dataset': 'test_demo.csv', 'subset': None, 'max_turns': 2, 'provider': 'demo', 'model': 'gpt-4o-mini', 'seeds': [1, 2, 3], 'temperature': 0.2, 'meta': {'git_commit': '', 'harness_versions': {'evalplus_version': 'N/A', 'humaneval_harness': 'local_sandbox_v1', 'gsm8k_extractor_version': 'metrics/accuracy.py@normalize_v2'}, 'os': 'Darwin'}}",dev,test,Self-Correction (2-turn)
True,,test,dev,,20250909T235620Z,2,0.2,1,runs_directory,0.6666666666666666,0.3333333333333333,1.0,3,100,20250909T235620Z__test_100__dev__gpt-4o-mini__seed1__t0.2__mt2,"{'dataset': 'data/gsm8k/test_100.jsonl', 'subset': None, 'max_turns': 2, 'provider': 'openai', 'model': 'gpt-4o-mini', 'seeds': [1, 2, 3], 'temperature': 0.2, 'meta': {'git_commit': '', 'harness_versions': {'evalplus_version': 'N/A', 'humaneval_harness': 'local_sandbox_v1', 'gsm8k_extractor_version': 'metrics/accuracy.py@normalize_v2'}, 'os': 'Darwin'}}",dev,test,Self-Correction (2-turn)
True,,test,dev,,20250916T171641Z,2,0.2,1,runs_directory,0.0,0.0,0.0,3,demo,20250916T171641Z__test_demo__dev__gpt-4o-mini__seed1__t0.2__mt2,"{'dataset': 'test_demo.csv', 'subset': None, 'max_turns': 2, 'provider': 'demo', 'model': 'gpt-4o-mini', 'seeds': [1, 2, 3], 'temperature': 0.2, 'meta': {'git_commit': '', 'harness_versions': {'evalplus_version': 'N/A', 'humaneval_harness': 'local_sandbox_v1', 'gsm8k_extractor_version': 'metrics/accuracy.py@normalize_v2'}, 'os': 'Darwin'}}",dev,test,Self-Correction (2-turn)
True,,test,dev,,20250916T060108Z,2,0.2,1,runs_directory,0.0,0.0,0.0,3,superglue,20250916T060108Z__test_superglue__dev__gpt-4o-mini__seed1__t0.2__mt2,"{'dataset': 'test_superglue.csv', 'subset': None, 'max_turns': 2, 'provider': 'demo', 'model': 'gpt-4o-mini', 'seeds': [1, 2, 3], 'temperature': 0.2, 'meta': {'git_commit': '', 'harness_versions': {'evalplus_version': 'N/A', 'humaneval_harness': 'local_sandbox_v1', 'gsm8k_extractor_version': 'metrics/accuracy.py@normalize_v2'}, 'os': 'Darwin'}}",dev,test,Self-Correction (2-turn)
True,,test,dev,,20250916T171848Z,2,0.2,1,runs_directory,0.0,0.0,0.0,3,demo,20250916T171848Z__test_demo__dev__gpt-4o-mini__seed1__t0.2__mt2,"{'dataset': 'test_demo.csv', 'subset': None, 'max_turns': 2, 'provider': 'demo', 'model': 'gpt-4o-mini', 'seeds': [1, 2, 3], 'temperature': 0.2, 'meta': {'git_commit': '', 'harness_versions': {'evalplus_version': 'N/A', 'humaneval_harness': 'local_sandbox_v1', 'gsm8k_extractor_version': 'metrics/accuracy.py@normalize_v2'}, 'os': 'Darwin'}}",dev,test,Self-Correction (2-turn)
True,,test,dev,,20250916T055516Z,2,0.2,1,runs_directory,0.0,0.0,0.0,2,data,20250916T055516Z__test_data__dev__gpt-4o-mini__seed1__t0.2__mt2,"{'dataset': 'test_data.csv', 'subset': None, 'max_turns': 2, 'provider': 'demo', 'model': 'gpt-4o-mini', 'seeds': [1, 2, 3], 'temperature': 0.2, 'meta': {'git_commit': '', 'harness_versions': {'evalplus_version': 'N/A', 'humaneval_harness': 'local_sandbox_v1', 'gsm8k_extractor_version': 'metrics/accuracy.py@normalize_v2'}, 'os': 'Darwin'}}",dev,test,Self-Correction (2-turn)
True,,test,dev,,20250916T075030Z,2,0.2,1,runs_directory,0.0,0.0,0.0,2,data,20250916T075030Z__test_data__dev__gpt-4o-mini__seed1__t0.2__mt2,"{'dataset': 'test_data.csv', 'subset': None, 'max_turns': 2, 'provider': 'demo', 'model': 'gpt-4o-mini', 'seeds': [1, 2, 3], 'temperature': 0.2, 'meta': {'git_commit': '', 'harness_versions': {'evalplus_version': 'N/A', 'humaneval_harness': 'local_sandbox_v1', 'gsm8k_extractor_version': 'metrics/accuracy.py@normalize_v2'}, 'os': 'Darwin'}}",dev,test,Self-Correction (2-turn)
True,,test,dev,,20250916T171933Z,2,0.2,1,runs_directory,0.0,0.0,0.0,3,demo,20250916T171933Z__test_demo__dev__gpt-4o-mini__seed1__t0.2__mt2,"{'dataset': 'test_demo.csv', 'subset': None, 'max_turns': 2, 'provider': 'demo', 'model': 'gpt-4o-mini', 'seeds': [1, 2, 3], 'temperature': 0.2, 'meta': {'git_commit': '', 'harness_versions': {'evalplus_version': 'N/A', 'humaneval_harness': 'local_sandbox_v1', 'gsm8k_extractor_version': 'metrics/accuracy.py@normalize_v2'}, 'os': 'Darwin'}}",dev,test,Self-Correction (2-turn)
True,,test,dev,,20250916T043507Z,2,0.2,1,runs_directory,0.0,0.0,0.0,2,data,20250916T043507Z__test_data__dev__gpt-4o-mini__seed1__t0.2__mt2,"{'dataset': 'test_data.csv', 'subset': None, 'max_turns': 2, 'provider': 'demo', 'model': 'gpt-4o-mini', 'seeds': [1, 2, 3], 'temperature': 0.2, 'meta': {'git_commit': '', 'harness_versions': {'evalplus_version': 'N/A', 'humaneval_harness': 'local_sandbox_v1', 'gsm8k_extractor_version': 'metrics/accuracy.py@normalize_v2'}, 'os': 'Darwin'}}",dev,test,Self-Correction (2-turn)
True,,test,dev,,20250913T133248Z,3,0.2,1,runs_directory,0.6666666666666666,0.3333333333333333,1.0,3,1k,20250913T133248Z__test_1k__dev__claude-3-5-sonnet-20241022__seed1__t0.2__mt3,"{'dataset': 'data/gsm8k/test_1k.jsonl', 'subset': None, 'max_turns': 3, 'provider': 'anthropic', 'model': 'claude-3-5-sonnet-20241210', 'seeds': [1, 2, 3], 'temperature': 0.2, 'meta': {'git_commit': '', 'harness_versions': {'evalplus_version': 'N/A', 'humaneval_harness': 'local_sandbox_v1', 'gsm8k_extractor_version': 'metrics/accuracy.py@normalize_v2'}, 'os': 'Darwin'}}",dev,test,Self-Correction (3-turn)
True,,test,dev,,20250909T032316Z,3,0.2,1,runs_directory,0.6666666666666666,0.3333333333333333,1.0,3,100,20250909T032316Z__test_100__dev__gpt-4o-mini__seed1__t0.2__mt3,"{'dataset': 'data/gsm8k/test_100.jsonl', 'subset': None, 'max_turns': 3, 'provider': 'openai', 'model': 'gpt-4o-mini', 'seeds': [1, 2, 3], 'temperature': 0.2, 'meta': {'git_commit': '', 'harness_versions': {'evalplus_version': 'N/A', 'humaneval_harness': 'local_sandbox_v1', 'gsm8k_extractor_version': 'metrics/accuracy.py@normalize_v2'}, 'os': 'Darwin'}}",dev,test,Self-Correction (3-turn)
True,,test,dev,,20250913T133242Z,3,0.2,1,runs_directory,0.6666666666666666,0.3333333333333333,1.0,3,1k,20250913T133242Z__test_1k__dev__claude-3-haiku-20240307__seed1__t0.2__mt3,"{'dataset': 'data/gsm8k/test_1k.jsonl', 'subset': None, 'max_turns': 3, 'provider': 'anthropic', 'model': 'claude-3-haiku-20240307', 'seeds': [1, 2, 3], 'temperature': 0.2, 'meta': {'git_commit': '', 'harness_versions': {'evalplus_version': 'N/A', 'humaneval_harness': 'local_sandbox_v1', 'gsm8k_extractor_version': 'metrics/accuracy.py@normalize_v2'}, 'os': 'Darwin'}}",dev,test,Self-Correction (3-turn)
True,,test,dev,,20250909T060538Z,3,0.2,1,runs_directory,0.0,0.0,0.0,3,5,20250909T060538Z__test_5__dev__claude-haiku__seed1__t0.2__mt3,"{'dataset': 'data/gsm8k/test_5.jsonl', 'subset': None, 'max_turns': 3, 'provider': 'anthropic', 'model': 'claude-haiku', 'seeds': [1, 2, 3], 'temperature': 0.2, 'meta': {'git_commit': '', 'harness_versions': {'evalplus_version': 'N/A', 'humaneval_harness': 'local_sandbox_v1', 'gsm8k_extractor_version': 'metrics/accuracy.py@normalize_v2'}, 'os': 'Darwin'}}",dev,test,Self-Correction (3-turn)
True,,test,dev,,20250909T032322Z,3,0.2,1,runs_directory,0.0,0.0,0.0,3,100,20250909T032322Z__test_100__dev__claude-haiku__seed1__t0.2__mt3,"{'dataset': 'data/gsm8k/test_100.jsonl', 'subset': None, 'max_turns': 3, 'provider': 'anthropic', 'model': 'claude-haiku', 'seeds': [1, 2, 3], 'temperature': 0.2, 'meta': {'git_commit': '', 'harness_versions': {'evalplus_version': 'N/A', 'humaneval_harness': 'local_sandbox_v1', 'gsm8k_extractor_version': 'metrics/accuracy.py@normalize_v2'}, 'os': 'Darwin'}}",dev,test,Self-Correction (3-turn)
True,,test,dev,,20250913T133238Z,3,0.2,1,runs_directory,0.0,0.0,0.0,3,1k,20250913T133238Z__test_1k__dev__gpt4__seed1__t0.2__mt3,"{'dataset': 'data/gsm8k/test_1k.jsonl', 'subset': None, 'max_turns': 3, 'provider': 'openai', 'model': 'gpt4', 'seeds': [1, 2, 3], 'temperature': 0.2, 'meta': {'git_commit': '', 'harness_versions': {'evalplus_version': 'N/A', 'humaneval_harness': 'local_sandbox_v1', 'gsm8k_extractor_version': 'metrics/accuracy.py@normalize_v2'}, 'os': 'Darwin'}}",dev,test,Self-Correction (3-turn)
True,,test,dev,,20250913T133230Z,3,0.2,1,runs_directory,0.6666666666666666,0.3333333333333333,1.0,3,1k,20250913T133230Z__test_1k__dev__gpt-4o-mini__seed1__t0.2__mt3,"{'dataset': 'data/gsm8k/test_1k.jsonl', 'subset': None, 'max_turns': 3, 'provider': 'openai', 'model': 'gpt-4o-mini', 'seeds': [1, 2, 3], 'temperature': 0.2, 'meta': {'git_commit': '', 'harness_versions': {'evalplus_version': 'N/A', 'humaneval_harness': 'local_sandbox_v1', 'gsm8k_extractor_version': 'metrics/accuracy.py@normalize_v2'}, 'os': 'Darwin'}}",dev,test,Self-Correction (3-turn)
True,,test,dev,,20250909T060337Z,3,0.2,1,runs_directory,0.0,0.0,0.0,3,10,20250909T060337Z__test_10__dev__claude-haiku__seed1__t0.2__mt3,"{'dataset': 'data/gsm8k/test_10.jsonl', 'subset': None, 'max_turns': 3, 'provider': 'anthropic', 'model': 'claude-haiku', 'seeds': [1, 2, 3], 'temperature': 0.2, 'meta': {'git_commit': '', 'harness_versions': {'evalplus_version': 'N/A', 'humaneval_harness': 'local_sandbox_v1', 'gsm8k_extractor_version': 'metrics/accuracy.py@normalize_v2'}, 'os': 'Darwin'}}",dev,test,Self-Correction (3-turn)
True,,test,dev,,20250913T133235Z,3,0.2,1,runs_directory,0.6666666666666666,0.3333333333333333,1.0,3,1k,20250913T133235Z__test_1k__dev__gpt-4o__seed1__t0.2__mt3,"{'dataset': 'data/gsm8k/test_1k.jsonl', 'subset': None, 'max_turns': 3, 'provider': 'openai', 'model': 'gpt-4o', 'seeds': [1, 2, 3], 'temperature': 0.2, 'meta': {'git_commit': '', 'harness_versions': {'evalplus_version': 'N/A', 'humaneval_harness': 'local_sandbox_v1', 'gsm8k_extractor_version': 'metrics/accuracy.py@normalize_v2'}, 'os': 'Darwin'}}",dev,test,Self-Correction (3-turn)
True,,tmpehctgcd4,dev,,20250914T071428Z,1,0.2,1,runs_directory,1.0,1.0,1.0,1,dev,20250914T071428Z__tmpehctgcd4__dev__gpt-4o-mini__seed1__t0.2__mt1,"{'dataset': '/var/folders/bs/1c6zdbzj6w79xtnhmf7r6hl80000gn/T/tmpehctgcd4.csv', 'subset': None, 'max_turns': 1, 'provider': 'demo', 'model': 'gpt-4o-mini', 'seeds': [1, 2, 3], 'temperature': 0.2, 'meta': {'git_commit': '', 'harness_versions': {'evalplus_version': 'N/A', 'humaneval_harness': 'local_sandbox_v1', 'gsm8k_extractor_version': 'metrics/accuracy.py@normalize_v2'}, 'os': 'Darwin'}}",dev,tmpehctgcd4,Baseline
True,,tmpnpk2illq,dev,,20250914T095943Z,1,0.2,1,runs_directory,1.0,1.0,1.0,2,dev,20250914T095943Z__tmpnpk2illq__dev__gpt-4o-mini__seed1__t0.2__mt1,"{'dataset': '/var/folders/bs/1c6zdbzj6w79xtnhmf7r6hl80000gn/T/tmpnpk2illq.csv', 'subset': None, 'max_turns': 1, 'provider': 'demo', 'model': 'gpt-4o-mini', 'seeds': [1, 2, 3], 'temperature': 0.2, 'meta': {'git_commit': '', 'harness_versions': {'evalplus_version': 'N/A', 'humaneval_harness': 'local_sandbox_v1', 'gsm8k_extractor_version': 'metrics/accuracy.py@normalize_v2'}, 'os': 'Darwin'}}",dev,tmpnpk2illq,Baseline
True,,tmpsj1iv79b,dev,,20250916T092654Z,2,0.2,1,runs_directory,0.0,0.0,0.0,2,dev,20250916T092654Z__tmpsj1iv79b__dev__gpt-4o-mini__seed1__t0.2__mt2,"{'dataset': '/var/folders/bs/1c6zdbzj6w79xtnhmf7r6hl80000gn/T/tmpsj1iv79b.csv', 'subset': None, 'max_turns': 2, 'provider': 'gpt-4o-mini', 'model': 'gpt-4o-mini', 'seeds': [1, 2, 3], 'temperature': 0.2, 'meta': {'git_commit': '', 'harness_versions': {'evalplus_version': 'N/A', 'humaneval_harness': 'local_sandbox_v1', 'gsm8k_extractor_version': 'metrics/accuracy.py@normalize_v2'}, 'os': 'Darwin'}}",dev,tmpsj1iv79b,Self-Correction (2-turn)
