problem_id,dataset,model,provider,temperature,question,reference_answer,final_answer,final_accuracy,total_turns,initial_accuracy,improvement,reasoning_trace_files,templates_used,biases_detected,final_confidence,experiment_config
elementary_1,mathbench,gpt-4o-mini,openai,0.2,What is 15 + 27?,42,3,0,3,0,0,full_scale_study_results/reasoning_traces/math/elementary_1/turn_0_reasoning.txt|full_scale_study_results/reasoning_traces/math/elementary_1/turn_1_reasoning.txt|full_scale_study_results/reasoning_traces/math/elementary_1/turn_2_reasoning.txt,think_step_by_step|think_step_by_step,Confirmation|Confirmation|Confirmation,0.35,"{""dataset_name"": ""mathbench"", ""model"": ""gpt-4o-mini"", ""provider"": ""openai"", ""temperature"": 0.2, ""max_turns"": 3, ""experiment_id"": ""fullscale_gpt-4o-mini_mathbench_20250916T122910Z""}"
elementary_2,mathbench,gpt-4o-mini,openai,0.2,"If a pizza has 8 slices and you eat 3, how many are left?",5,3,0,3,0,0,full_scale_study_results/reasoning_traces/math/elementary_2/turn_0_reasoning.txt|full_scale_study_results/reasoning_traces/math/elementary_2/turn_1_reasoning.txt|full_scale_study_results/reasoning_traces/math/elementary_2/turn_2_reasoning.txt,think_step_by_step|think_step_by_step,Anchoring|Anchoring|Anchoring,0.4,"{""dataset_name"": ""mathbench"", ""model"": ""gpt-4o-mini"", ""provider"": ""openai"", ""temperature"": 0.2, ""max_turns"": 3, ""experiment_id"": ""fullscale_gpt-4o-mini_mathbench_20250916T122910Z""}"
elementary_3,mathbench,gpt-4o-mini,openai,0.2,What is 6 × 7?,42,3,0,3,0,0,full_scale_study_results/reasoning_traces/math/elementary_3/turn_0_reasoning.txt|full_scale_study_results/reasoning_traces/math/elementary_3/turn_1_reasoning.txt|full_scale_study_results/reasoning_traces/math/elementary_3/turn_2_reasoning.txt,think_step_by_step|think_step_by_step,Confirmation|Confirmation|Confirmation,0.35,"{""dataset_name"": ""mathbench"", ""model"": ""gpt-4o-mini"", ""provider"": ""openai"", ""temperature"": 0.2, ""max_turns"": 3, ""experiment_id"": ""fullscale_gpt-4o-mini_mathbench_20250916T122910Z""}"
elementary_4,mathbench,gpt-4o-mini,openai,0.2,What is 100 ÷ 4?,25,3,0,3,0,0,full_scale_study_results/reasoning_traces/math/elementary_4/turn_0_reasoning.txt|full_scale_study_results/reasoning_traces/math/elementary_4/turn_1_reasoning.txt|full_scale_study_results/reasoning_traces/math/elementary_4/turn_2_reasoning.txt,think_step_by_step|think_step_by_step,Confirmation|Confirmation|Confirmation,0.35,"{""dataset_name"": ""mathbench"", ""model"": ""gpt-4o-mini"", ""provider"": ""openai"", ""temperature"": 0.2, ""max_turns"": 3, ""experiment_id"": ""fullscale_gpt-4o-mini_mathbench_20250916T122910Z""}"
elementary_5,mathbench,gpt-4o-mini,openai,0.2,What is 15 + 27?,42,3,0,3,0,0,full_scale_study_results/reasoning_traces/math/elementary_5/turn_0_reasoning.txt|full_scale_study_results/reasoning_traces/math/elementary_5/turn_1_reasoning.txt|full_scale_study_results/reasoning_traces/math/elementary_5/turn_2_reasoning.txt,think_step_by_step|think_step_by_step,Confirmation|Confirmation|Confirmation,0.35,"{""dataset_name"": ""mathbench"", ""model"": ""gpt-4o-mini"", ""provider"": ""openai"", ""temperature"": 0.2, ""max_turns"": 3, ""experiment_id"": ""fullscale_gpt-4o-mini_mathbench_20250916T122910Z""}"
elementary_6,mathbench,gpt-4o-mini,openai,0.2,"If a pizza has 8 slices and you eat 3, how many are left?",5,3,0,3,0,0,full_scale_study_results/reasoning_traces/math/elementary_6/turn_0_reasoning.txt|full_scale_study_results/reasoning_traces/math/elementary_6/turn_1_reasoning.txt|full_scale_study_results/reasoning_traces/math/elementary_6/turn_2_reasoning.txt,think_step_by_step|think_step_by_step,Anchoring|Anchoring|Anchoring,0.4,"{""dataset_name"": ""mathbench"", ""model"": ""gpt-4o-mini"", ""provider"": ""openai"", ""temperature"": 0.2, ""max_turns"": 3, ""experiment_id"": ""fullscale_gpt-4o-mini_mathbench_20250916T122910Z""}"
elementary_7,mathbench,gpt-4o-mini,openai,0.2,What is 6 × 7?,42,3,0,3,0,0,full_scale_study_results/reasoning_traces/math/elementary_7/turn_0_reasoning.txt|full_scale_study_results/reasoning_traces/math/elementary_7/turn_1_reasoning.txt|full_scale_study_results/reasoning_traces/math/elementary_7/turn_2_reasoning.txt,think_step_by_step|think_step_by_step,Confirmation|Confirmation|Confirmation,0.35,"{""dataset_name"": ""mathbench"", ""model"": ""gpt-4o-mini"", ""provider"": ""openai"", ""temperature"": 0.2, ""max_turns"": 3, ""experiment_id"": ""fullscale_gpt-4o-mini_mathbench_20250916T122910Z""}"
elementary_8,mathbench,gpt-4o-mini,openai,0.2,What is 100 ÷ 4?,25,3,0,3,0,0,full_scale_study_results/reasoning_traces/math/elementary_8/turn_0_reasoning.txt|full_scale_study_results/reasoning_traces/math/elementary_8/turn_1_reasoning.txt|full_scale_study_results/reasoning_traces/math/elementary_8/turn_2_reasoning.txt,think_step_by_step|think_step_by_step,Confirmation|Confirmation|Confirmation,0.35,"{""dataset_name"": ""mathbench"", ""model"": ""gpt-4o-mini"", ""provider"": ""openai"", ""temperature"": 0.2, ""max_turns"": 3, ""experiment_id"": ""fullscale_gpt-4o-mini_mathbench_20250916T122910Z""}"
elementary_9,mathbench,gpt-4o-mini,openai,0.2,What is 15 + 27?,42,3,0,3,0,0,full_scale_study_results/reasoning_traces/math/elementary_9/turn_0_reasoning.txt|full_scale_study_results/reasoning_traces/math/elementary_9/turn_1_reasoning.txt|full_scale_study_results/reasoning_traces/math/elementary_9/turn_2_reasoning.txt,think_step_by_step|think_step_by_step,Confirmation|Confirmation|Confirmation,0.35,"{""dataset_name"": ""mathbench"", ""model"": ""gpt-4o-mini"", ""provider"": ""openai"", ""temperature"": 0.2, ""max_turns"": 3, ""experiment_id"": ""fullscale_gpt-4o-mini_mathbench_20250916T122910Z""}"
elementary_10,mathbench,gpt-4o-mini,openai,0.2,"If a pizza has 8 slices and you eat 3, how many are left?",5,3,0,3,0,0,full_scale_study_results/reasoning_traces/math/elementary_10/turn_0_reasoning.txt|full_scale_study_results/reasoning_traces/math/elementary_10/turn_1_reasoning.txt|full_scale_study_results/reasoning_traces/math/elementary_10/turn_2_reasoning.txt,think_step_by_step|think_step_by_step,Anchoring|Anchoring|Anchoring,0.4,"{""dataset_name"": ""mathbench"", ""model"": ""gpt-4o-mini"", ""provider"": ""openai"", ""temperature"": 0.2, ""max_turns"": 3, ""experiment_id"": ""fullscale_gpt-4o-mini_mathbench_20250916T122910Z""}"
elementary_11,mathbench,gpt-4o-mini,openai,0.2,What is 6 × 7?,42,3,0,3,0,0,full_scale_study_results/reasoning_traces/math/elementary_11/turn_0_reasoning.txt|full_scale_study_results/reasoning_traces/math/elementary_11/turn_1_reasoning.txt|full_scale_study_results/reasoning_traces/math/elementary_11/turn_2_reasoning.txt,think_step_by_step|think_step_by_step,Confirmation|Confirmation|Confirmation,0.35,"{""dataset_name"": ""mathbench"", ""model"": ""gpt-4o-mini"", ""provider"": ""openai"", ""temperature"": 0.2, ""max_turns"": 3, ""experiment_id"": ""fullscale_gpt-4o-mini_mathbench_20250916T122910Z""}"
elementary_12,mathbench,gpt-4o-mini,openai,0.2,What is 100 ÷ 4?,25,3,0,3,0,0,full_scale_study_results/reasoning_traces/math/elementary_12/turn_0_reasoning.txt|full_scale_study_results/reasoning_traces/math/elementary_12/turn_1_reasoning.txt|full_scale_study_results/reasoning_traces/math/elementary_12/turn_2_reasoning.txt,think_step_by_step|think_step_by_step,Confirmation|Confirmation|Confirmation,0.35,"{""dataset_name"": ""mathbench"", ""model"": ""gpt-4o-mini"", ""provider"": ""openai"", ""temperature"": 0.2, ""max_turns"": 3, ""experiment_id"": ""fullscale_gpt-4o-mini_mathbench_20250916T122910Z""}"
elementary_13,mathbench,gpt-4o-mini,openai,0.2,What is 15 + 27?,42,3,0,3,0,0,full_scale_study_results/reasoning_traces/math/elementary_13/turn_0_reasoning.txt|full_scale_study_results/reasoning_traces/math/elementary_13/turn_1_reasoning.txt|full_scale_study_results/reasoning_traces/math/elementary_13/turn_2_reasoning.txt,think_step_by_step|think_step_by_step,Confirmation|Confirmation|Confirmation,0.35,"{""dataset_name"": ""mathbench"", ""model"": ""gpt-4o-mini"", ""provider"": ""openai"", ""temperature"": 0.2, ""max_turns"": 3, ""experiment_id"": ""fullscale_gpt-4o-mini_mathbench_20250916T122910Z""}"
elementary_14,mathbench,gpt-4o-mini,openai,0.2,"If a pizza has 8 slices and you eat 3, how many are left?",5,3,0,3,0,0,full_scale_study_results/reasoning_traces/math/elementary_14/turn_0_reasoning.txt|full_scale_study_results/reasoning_traces/math/elementary_14/turn_1_reasoning.txt|full_scale_study_results/reasoning_traces/math/elementary_14/turn_2_reasoning.txt,think_step_by_step|think_step_by_step,Anchoring|Anchoring|Anchoring,0.4,"{""dataset_name"": ""mathbench"", ""model"": ""gpt-4o-mini"", ""provider"": ""openai"", ""temperature"": 0.2, ""max_turns"": 3, ""experiment_id"": ""fullscale_gpt-4o-mini_mathbench_20250916T122910Z""}"
elementary_15,mathbench,gpt-4o-mini,openai,0.2,What is 6 × 7?,42,3,0,3,0,0,full_scale_study_results/reasoning_traces/math/elementary_15/turn_0_reasoning.txt|full_scale_study_results/reasoning_traces/math/elementary_15/turn_1_reasoning.txt|full_scale_study_results/reasoning_traces/math/elementary_15/turn_2_reasoning.txt,think_step_by_step|think_step_by_step,Confirmation|Confirmation|Confirmation,0.35,"{""dataset_name"": ""mathbench"", ""model"": ""gpt-4o-mini"", ""provider"": ""openai"", ""temperature"": 0.2, ""max_turns"": 3, ""experiment_id"": ""fullscale_gpt-4o-mini_mathbench_20250916T122910Z""}"
elementary_16,mathbench,gpt-4o-mini,openai,0.2,What is 100 ÷ 4?,25,3,0,3,0,0,full_scale_study_results/reasoning_traces/math/elementary_16/turn_0_reasoning.txt|full_scale_study_results/reasoning_traces/math/elementary_16/turn_1_reasoning.txt|full_scale_study_results/reasoning_traces/math/elementary_16/turn_2_reasoning.txt,think_step_by_step|think_step_by_step,Confirmation|Confirmation|Confirmation,0.35,"{""dataset_name"": ""mathbench"", ""model"": ""gpt-4o-mini"", ""provider"": ""openai"", ""temperature"": 0.2, ""max_turns"": 3, ""experiment_id"": ""fullscale_gpt-4o-mini_mathbench_20250916T122910Z""}"
elementary_17,mathbench,gpt-4o-mini,openai,0.2,What is 15 + 27?,42,3,0,3,0,0,full_scale_study_results/reasoning_traces/math/elementary_17/turn_0_reasoning.txt|full_scale_study_results/reasoning_traces/math/elementary_17/turn_1_reasoning.txt|full_scale_study_results/reasoning_traces/math/elementary_17/turn_2_reasoning.txt,think_step_by_step|think_step_by_step,Confirmation|Confirmation|Confirmation,0.35,"{""dataset_name"": ""mathbench"", ""model"": ""gpt-4o-mini"", ""provider"": ""openai"", ""temperature"": 0.2, ""max_turns"": 3, ""experiment_id"": ""fullscale_gpt-4o-mini_mathbench_20250916T122910Z""}"
elementary_18,mathbench,gpt-4o-mini,openai,0.2,"If a pizza has 8 slices and you eat 3, how many are left?",5,3,0,3,0,0,full_scale_study_results/reasoning_traces/math/elementary_18/turn_0_reasoning.txt|full_scale_study_results/reasoning_traces/math/elementary_18/turn_1_reasoning.txt|full_scale_study_results/reasoning_traces/math/elementary_18/turn_2_reasoning.txt,think_step_by_step|think_step_by_step,Anchoring|Anchoring|Anchoring,0.4,"{""dataset_name"": ""mathbench"", ""model"": ""gpt-4o-mini"", ""provider"": ""openai"", ""temperature"": 0.2, ""max_turns"": 3, ""experiment_id"": ""fullscale_gpt-4o-mini_mathbench_20250916T122910Z""}"
elementary_19,mathbench,gpt-4o-mini,openai,0.2,What is 6 × 7?,42,3,0,3,0,0,full_scale_study_results/reasoning_traces/math/elementary_19/turn_0_reasoning.txt|full_scale_study_results/reasoning_traces/math/elementary_19/turn_1_reasoning.txt|full_scale_study_results/reasoning_traces/math/elementary_19/turn_2_reasoning.txt,think_step_by_step|think_step_by_step,Confirmation|Confirmation|Confirmation,0.35,"{""dataset_name"": ""mathbench"", ""model"": ""gpt-4o-mini"", ""provider"": ""openai"", ""temperature"": 0.2, ""max_turns"": 3, ""experiment_id"": ""fullscale_gpt-4o-mini_mathbench_20250916T122910Z""}"
elementary_20,mathbench,gpt-4o-mini,openai,0.2,What is 100 ÷ 4?,25,3,0,3,0,0,full_scale_study_results/reasoning_traces/math/elementary_20/turn_0_reasoning.txt|full_scale_study_results/reasoning_traces/math/elementary_20/turn_1_reasoning.txt|full_scale_study_results/reasoning_traces/math/elementary_20/turn_2_reasoning.txt,think_step_by_step|think_step_by_step,Confirmation|Confirmation|Confirmation,0.35,"{""dataset_name"": ""mathbench"", ""model"": ""gpt-4o-mini"", ""provider"": ""openai"", ""temperature"": 0.2, ""max_turns"": 3, ""experiment_id"": ""fullscale_gpt-4o-mini_mathbench_20250916T122910Z""}"
elementary_21,mathbench,gpt-4o-mini,openai,0.2,What is 15 + 27?,42,3,0,3,0,0,full_scale_study_results/reasoning_traces/math/elementary_21/turn_0_reasoning.txt|full_scale_study_results/reasoning_traces/math/elementary_21/turn_1_reasoning.txt|full_scale_study_results/reasoning_traces/math/elementary_21/turn_2_reasoning.txt,think_step_by_step|think_step_by_step,Confirmation|Confirmation|Confirmation,0.35,"{""dataset_name"": ""mathbench"", ""model"": ""gpt-4o-mini"", ""provider"": ""openai"", ""temperature"": 0.2, ""max_turns"": 3, ""experiment_id"": ""fullscale_gpt-4o-mini_mathbench_20250916T122910Z""}"
elementary_22,mathbench,gpt-4o-mini,openai,0.2,"If a pizza has 8 slices and you eat 3, how many are left?",5,3,0,3,0,0,full_scale_study_results/reasoning_traces/math/elementary_22/turn_0_reasoning.txt|full_scale_study_results/reasoning_traces/math/elementary_22/turn_1_reasoning.txt|full_scale_study_results/reasoning_traces/math/elementary_22/turn_2_reasoning.txt,think_step_by_step|think_step_by_step,Anchoring|Anchoring|Anchoring,0.4,"{""dataset_name"": ""mathbench"", ""model"": ""gpt-4o-mini"", ""provider"": ""openai"", ""temperature"": 0.2, ""max_turns"": 3, ""experiment_id"": ""fullscale_gpt-4o-mini_mathbench_20250916T122910Z""}"
elementary_23,mathbench,gpt-4o-mini,openai,0.2,What is 6 × 7?,42,3,0,3,0,0,full_scale_study_results/reasoning_traces/math/elementary_23/turn_0_reasoning.txt|full_scale_study_results/reasoning_traces/math/elementary_23/turn_1_reasoning.txt|full_scale_study_results/reasoning_traces/math/elementary_23/turn_2_reasoning.txt,think_step_by_step|think_step_by_step,Confirmation|Confirmation|Confirmation,0.35,"{""dataset_name"": ""mathbench"", ""model"": ""gpt-4o-mini"", ""provider"": ""openai"", ""temperature"": 0.2, ""max_turns"": 3, ""experiment_id"": ""fullscale_gpt-4o-mini_mathbench_20250916T122910Z""}"
elementary_24,mathbench,gpt-4o-mini,openai,0.2,What is 100 ÷ 4?,25,3,0,3,0,0,full_scale_study_results/reasoning_traces/math/elementary_24/turn_0_reasoning.txt|full_scale_study_results/reasoning_traces/math/elementary_24/turn_1_reasoning.txt|full_scale_study_results/reasoning_traces/math/elementary_24/turn_2_reasoning.txt,think_step_by_step|think_step_by_step,Confirmation|Confirmation|Confirmation,0.35,"{""dataset_name"": ""mathbench"", ""model"": ""gpt-4o-mini"", ""provider"": ""openai"", ""temperature"": 0.2, ""max_turns"": 3, ""experiment_id"": ""fullscale_gpt-4o-mini_mathbench_20250916T122910Z""}"
elementary_25,mathbench,gpt-4o-mini,openai,0.2,What is 15 + 27?,42,3,0,3,0,0,full_scale_study_results/reasoning_traces/math/elementary_25/turn_0_reasoning.txt|full_scale_study_results/reasoning_traces/math/elementary_25/turn_1_reasoning.txt|full_scale_study_results/reasoning_traces/math/elementary_25/turn_2_reasoning.txt,think_step_by_step|think_step_by_step,Confirmation|Confirmation|Confirmation,0.35,"{""dataset_name"": ""mathbench"", ""model"": ""gpt-4o-mini"", ""provider"": ""openai"", ""temperature"": 0.2, ""max_turns"": 3, ""experiment_id"": ""fullscale_gpt-4o-mini_mathbench_20250916T122910Z""}"
middle_1,mathbench,gpt-4o-mini,openai,0.2,Solve for x: 2x + 5 = 13,x = 4,3,0,3,0,0,full_scale_study_results/reasoning_traces/math/middle_1/turn_0_reasoning.txt|full_scale_study_results/reasoning_traces/math/middle_1/turn_1_reasoning.txt|full_scale_study_results/reasoning_traces/math/middle_1/turn_2_reasoning.txt,think_step_by_step|think_step_by_step,Confirmation|Confirmation|Confirmation,0.35,"{""dataset_name"": ""mathbench"", ""model"": ""gpt-4o-mini"", ""provider"": ""openai"", ""temperature"": 0.2, ""max_turns"": 3, ""experiment_id"": ""fullscale_gpt-4o-mini_mathbench_20250916T122910Z""}"
middle_2,mathbench,gpt-4o-mini,openai,0.2,What is the area of a rectangle with length 6 and width 4?,24,3,0,3,0,0,full_scale_study_results/reasoning_traces/math/middle_2/turn_0_reasoning.txt|full_scale_study_results/reasoning_traces/math/middle_2/turn_1_reasoning.txt|full_scale_study_results/reasoning_traces/math/middle_2/turn_2_reasoning.txt,think_step_by_step|think_step_by_step,Confirmation|Confirmation|Confirmation,0.35,"{""dataset_name"": ""mathbench"", ""model"": ""gpt-4o-mini"", ""provider"": ""openai"", ""temperature"": 0.2, ""max_turns"": 3, ""experiment_id"": ""fullscale_gpt-4o-mini_mathbench_20250916T122910Z""}"
middle_3,mathbench,gpt-4o-mini,openai,0.2,What is 3² + 4²?,25,3,0,3,0,0,full_scale_study_results/reasoning_traces/math/middle_3/turn_0_reasoning.txt|full_scale_study_results/reasoning_traces/math/middle_3/turn_1_reasoning.txt|full_scale_study_results/reasoning_traces/math/middle_3/turn_2_reasoning.txt,think_step_by_step|think_step_by_step,Anchoring|Anchoring|Anchoring,0.4,"{""dataset_name"": ""mathbench"", ""model"": ""gpt-4o-mini"", ""provider"": ""openai"", ""temperature"": 0.2, ""max_turns"": 3, ""experiment_id"": ""fullscale_gpt-4o-mini_mathbench_20250916T122910Z""}"
middle_4,mathbench,gpt-4o-mini,openai,0.2,What is 20% of 150?,30,3,0,3,0,0,full_scale_study_results/reasoning_traces/math/middle_4/turn_0_reasoning.txt|full_scale_study_results/reasoning_traces/math/middle_4/turn_1_reasoning.txt|full_scale_study_results/reasoning_traces/math/middle_4/turn_2_reasoning.txt,think_step_by_step|think_step_by_step,Confirmation|Confirmation|Confirmation,0.35,"{""dataset_name"": ""mathbench"", ""model"": ""gpt-4o-mini"", ""provider"": ""openai"", ""temperature"": 0.2, ""max_turns"": 3, ""experiment_id"": ""fullscale_gpt-4o-mini_mathbench_20250916T122910Z""}"
middle_5,mathbench,gpt-4o-mini,openai,0.2,Solve for x: 2x + 5 = 13,x = 4,3,0,3,0,0,full_scale_study_results/reasoning_traces/math/middle_5/turn_0_reasoning.txt|full_scale_study_results/reasoning_traces/math/middle_5/turn_1_reasoning.txt|full_scale_study_results/reasoning_traces/math/middle_5/turn_2_reasoning.txt,think_step_by_step|think_step_by_step,Confirmation|Confirmation|Confirmation,0.35,"{""dataset_name"": ""mathbench"", ""model"": ""gpt-4o-mini"", ""provider"": ""openai"", ""temperature"": 0.2, ""max_turns"": 3, ""experiment_id"": ""fullscale_gpt-4o-mini_mathbench_20250916T122910Z""}"
middle_6,mathbench,gpt-4o-mini,openai,0.2,What is the area of a rectangle with length 6 and width 4?,24,3,0,3,0,0,full_scale_study_results/reasoning_traces/math/middle_6/turn_0_reasoning.txt|full_scale_study_results/reasoning_traces/math/middle_6/turn_1_reasoning.txt|full_scale_study_results/reasoning_traces/math/middle_6/turn_2_reasoning.txt,think_step_by_step|think_step_by_step,Confirmation|Confirmation|Confirmation,0.35,"{""dataset_name"": ""mathbench"", ""model"": ""gpt-4o-mini"", ""provider"": ""openai"", ""temperature"": 0.2, ""max_turns"": 3, ""experiment_id"": ""fullscale_gpt-4o-mini_mathbench_20250916T122910Z""}"
middle_7,mathbench,gpt-4o-mini,openai,0.2,What is 3² + 4²?,25,3,0,3,0,0,full_scale_study_results/reasoning_traces/math/middle_7/turn_0_reasoning.txt|full_scale_study_results/reasoning_traces/math/middle_7/turn_1_reasoning.txt|full_scale_study_results/reasoning_traces/math/middle_7/turn_2_reasoning.txt,think_step_by_step|think_step_by_step,Anchoring|Anchoring|Anchoring,0.4,"{""dataset_name"": ""mathbench"", ""model"": ""gpt-4o-mini"", ""provider"": ""openai"", ""temperature"": 0.2, ""max_turns"": 3, ""experiment_id"": ""fullscale_gpt-4o-mini_mathbench_20250916T122910Z""}"
middle_8,mathbench,gpt-4o-mini,openai,0.2,What is 20% of 150?,30,3,0,3,0,0,full_scale_study_results/reasoning_traces/math/middle_8/turn_0_reasoning.txt|full_scale_study_results/reasoning_traces/math/middle_8/turn_1_reasoning.txt|full_scale_study_results/reasoning_traces/math/middle_8/turn_2_reasoning.txt,think_step_by_step|think_step_by_step,Confirmation|Confirmation|Confirmation,0.35,"{""dataset_name"": ""mathbench"", ""model"": ""gpt-4o-mini"", ""provider"": ""openai"", ""temperature"": 0.2, ""max_turns"": 3, ""experiment_id"": ""fullscale_gpt-4o-mini_mathbench_20250916T122910Z""}"
middle_9,mathbench,gpt-4o-mini,openai,0.2,Solve for x: 2x + 5 = 13,x = 4,3,0,3,0,0,full_scale_study_results/reasoning_traces/math/middle_9/turn_0_reasoning.txt|full_scale_study_results/reasoning_traces/math/middle_9/turn_1_reasoning.txt|full_scale_study_results/reasoning_traces/math/middle_9/turn_2_reasoning.txt,think_step_by_step|think_step_by_step,Confirmation|Confirmation|Confirmation,0.35,"{""dataset_name"": ""mathbench"", ""model"": ""gpt-4o-mini"", ""provider"": ""openai"", ""temperature"": 0.2, ""max_turns"": 3, ""experiment_id"": ""fullscale_gpt-4o-mini_mathbench_20250916T122910Z""}"
middle_10,mathbench,gpt-4o-mini,openai,0.2,What is the area of a rectangle with length 6 and width 4?,24,3,0,3,0,0,full_scale_study_results/reasoning_traces/math/middle_10/turn_0_reasoning.txt|full_scale_study_results/reasoning_traces/math/middle_10/turn_1_reasoning.txt|full_scale_study_results/reasoning_traces/math/middle_10/turn_2_reasoning.txt,think_step_by_step|think_step_by_step,Confirmation|Confirmation|Confirmation,0.35,"{""dataset_name"": ""mathbench"", ""model"": ""gpt-4o-mini"", ""provider"": ""openai"", ""temperature"": 0.2, ""max_turns"": 3, ""experiment_id"": ""fullscale_gpt-4o-mini_mathbench_20250916T122910Z""}"
middle_11,mathbench,gpt-4o-mini,openai,0.2,What is 3² + 4²?,25,3,0,3,0,0,full_scale_study_results/reasoning_traces/math/middle_11/turn_0_reasoning.txt|full_scale_study_results/reasoning_traces/math/middle_11/turn_1_reasoning.txt|full_scale_study_results/reasoning_traces/math/middle_11/turn_2_reasoning.txt,think_step_by_step|think_step_by_step,Anchoring|Anchoring|Anchoring,0.4,"{""dataset_name"": ""mathbench"", ""model"": ""gpt-4o-mini"", ""provider"": ""openai"", ""temperature"": 0.2, ""max_turns"": 3, ""experiment_id"": ""fullscale_gpt-4o-mini_mathbench_20250916T122910Z""}"
middle_12,mathbench,gpt-4o-mini,openai,0.2,What is 20% of 150?,30,3,0,3,0,0,full_scale_study_results/reasoning_traces/math/middle_12/turn_0_reasoning.txt|full_scale_study_results/reasoning_traces/math/middle_12/turn_1_reasoning.txt|full_scale_study_results/reasoning_traces/math/middle_12/turn_2_reasoning.txt,think_step_by_step|think_step_by_step,Confirmation|Confirmation|Confirmation,0.35,"{""dataset_name"": ""mathbench"", ""model"": ""gpt-4o-mini"", ""provider"": ""openai"", ""temperature"": 0.2, ""max_turns"": 3, ""experiment_id"": ""fullscale_gpt-4o-mini_mathbench_20250916T122910Z""}"
middle_13,mathbench,gpt-4o-mini,openai,0.2,Solve for x: 2x + 5 = 13,x = 4,3,0,3,0,0,full_scale_study_results/reasoning_traces/math/middle_13/turn_0_reasoning.txt|full_scale_study_results/reasoning_traces/math/middle_13/turn_1_reasoning.txt|full_scale_study_results/reasoning_traces/math/middle_13/turn_2_reasoning.txt,think_step_by_step|think_step_by_step,Confirmation|Confirmation|Confirmation,0.35,"{""dataset_name"": ""mathbench"", ""model"": ""gpt-4o-mini"", ""provider"": ""openai"", ""temperature"": 0.2, ""max_turns"": 3, ""experiment_id"": ""fullscale_gpt-4o-mini_mathbench_20250916T122910Z""}"
middle_14,mathbench,gpt-4o-mini,openai,0.2,What is the area of a rectangle with length 6 and width 4?,24,3,0,3,0,0,full_scale_study_results/reasoning_traces/math/middle_14/turn_0_reasoning.txt|full_scale_study_results/reasoning_traces/math/middle_14/turn_1_reasoning.txt|full_scale_study_results/reasoning_traces/math/middle_14/turn_2_reasoning.txt,think_step_by_step|think_step_by_step,Confirmation|Confirmation|Confirmation,0.35,"{""dataset_name"": ""mathbench"", ""model"": ""gpt-4o-mini"", ""provider"": ""openai"", ""temperature"": 0.2, ""max_turns"": 3, ""experiment_id"": ""fullscale_gpt-4o-mini_mathbench_20250916T122910Z""}"
middle_15,mathbench,gpt-4o-mini,openai,0.2,What is 3² + 4²?,25,3,0,3,0,0,full_scale_study_results/reasoning_traces/math/middle_15/turn_0_reasoning.txt|full_scale_study_results/reasoning_traces/math/middle_15/turn_1_reasoning.txt|full_scale_study_results/reasoning_traces/math/middle_15/turn_2_reasoning.txt,think_step_by_step|think_step_by_step,Anchoring|Anchoring|Anchoring,0.4,"{""dataset_name"": ""mathbench"", ""model"": ""gpt-4o-mini"", ""provider"": ""openai"", ""temperature"": 0.2, ""max_turns"": 3, ""experiment_id"": ""fullscale_gpt-4o-mini_mathbench_20250916T122910Z""}"
middle_16,mathbench,gpt-4o-mini,openai,0.2,What is 20% of 150?,30,3,0,3,0,0,full_scale_study_results/reasoning_traces/math/middle_16/turn_0_reasoning.txt|full_scale_study_results/reasoning_traces/math/middle_16/turn_1_reasoning.txt|full_scale_study_results/reasoning_traces/math/middle_16/turn_2_reasoning.txt,think_step_by_step|think_step_by_step,Confirmation|Confirmation|Confirmation,0.35,"{""dataset_name"": ""mathbench"", ""model"": ""gpt-4o-mini"", ""provider"": ""openai"", ""temperature"": 0.2, ""max_turns"": 3, ""experiment_id"": ""fullscale_gpt-4o-mini_mathbench_20250916T122910Z""}"
middle_17,mathbench,gpt-4o-mini,openai,0.2,Solve for x: 2x + 5 = 13,x = 4,3,0,3,0,0,full_scale_study_results/reasoning_traces/math/middle_17/turn_0_reasoning.txt|full_scale_study_results/reasoning_traces/math/middle_17/turn_1_reasoning.txt|full_scale_study_results/reasoning_traces/math/middle_17/turn_2_reasoning.txt,think_step_by_step|think_step_by_step,Confirmation|Confirmation|Confirmation,0.35,"{""dataset_name"": ""mathbench"", ""model"": ""gpt-4o-mini"", ""provider"": ""openai"", ""temperature"": 0.2, ""max_turns"": 3, ""experiment_id"": ""fullscale_gpt-4o-mini_mathbench_20250916T122910Z""}"
middle_18,mathbench,gpt-4o-mini,openai,0.2,What is the area of a rectangle with length 6 and width 4?,24,3,0,3,0,0,full_scale_study_results/reasoning_traces/math/middle_18/turn_0_reasoning.txt|full_scale_study_results/reasoning_traces/math/middle_18/turn_1_reasoning.txt|full_scale_study_results/reasoning_traces/math/middle_18/turn_2_reasoning.txt,think_step_by_step|think_step_by_step,Confirmation|Confirmation|Confirmation,0.35,"{""dataset_name"": ""mathbench"", ""model"": ""gpt-4o-mini"", ""provider"": ""openai"", ""temperature"": 0.2, ""max_turns"": 3, ""experiment_id"": ""fullscale_gpt-4o-mini_mathbench_20250916T122910Z""}"
middle_19,mathbench,gpt-4o-mini,openai,0.2,What is 3² + 4²?,25,3,0,3,0,0,full_scale_study_results/reasoning_traces/math/middle_19/turn_0_reasoning.txt|full_scale_study_results/reasoning_traces/math/middle_19/turn_1_reasoning.txt|full_scale_study_results/reasoning_traces/math/middle_19/turn_2_reasoning.txt,think_step_by_step|think_step_by_step,Anchoring|Anchoring|Anchoring,0.4,"{""dataset_name"": ""mathbench"", ""model"": ""gpt-4o-mini"", ""provider"": ""openai"", ""temperature"": 0.2, ""max_turns"": 3, ""experiment_id"": ""fullscale_gpt-4o-mini_mathbench_20250916T122910Z""}"
middle_20,mathbench,gpt-4o-mini,openai,0.2,What is 20% of 150?,30,3,0,3,0,0,full_scale_study_results/reasoning_traces/math/middle_20/turn_0_reasoning.txt|full_scale_study_results/reasoning_traces/math/middle_20/turn_1_reasoning.txt|full_scale_study_results/reasoning_traces/math/middle_20/turn_2_reasoning.txt,think_step_by_step|think_step_by_step,Confirmation|Confirmation|Confirmation,0.35,"{""dataset_name"": ""mathbench"", ""model"": ""gpt-4o-mini"", ""provider"": ""openai"", ""temperature"": 0.2, ""max_turns"": 3, ""experiment_id"": ""fullscale_gpt-4o-mini_mathbench_20250916T122910Z""}"
middle_21,mathbench,gpt-4o-mini,openai,0.2,Solve for x: 2x + 5 = 13,x = 4,3,0,3,0,0,full_scale_study_results/reasoning_traces/math/middle_21/turn_0_reasoning.txt|full_scale_study_results/reasoning_traces/math/middle_21/turn_1_reasoning.txt|full_scale_study_results/reasoning_traces/math/middle_21/turn_2_reasoning.txt,think_step_by_step|think_step_by_step,Confirmation|Confirmation|Confirmation,0.35,"{""dataset_name"": ""mathbench"", ""model"": ""gpt-4o-mini"", ""provider"": ""openai"", ""temperature"": 0.2, ""max_turns"": 3, ""experiment_id"": ""fullscale_gpt-4o-mini_mathbench_20250916T122910Z""}"
middle_22,mathbench,gpt-4o-mini,openai,0.2,What is the area of a rectangle with length 6 and width 4?,24,3,0,3,0,0,full_scale_study_results/reasoning_traces/math/middle_22/turn_0_reasoning.txt|full_scale_study_results/reasoning_traces/math/middle_22/turn_1_reasoning.txt|full_scale_study_results/reasoning_traces/math/middle_22/turn_2_reasoning.txt,think_step_by_step|think_step_by_step,Confirmation|Confirmation|Confirmation,0.35,"{""dataset_name"": ""mathbench"", ""model"": ""gpt-4o-mini"", ""provider"": ""openai"", ""temperature"": 0.2, ""max_turns"": 3, ""experiment_id"": ""fullscale_gpt-4o-mini_mathbench_20250916T122910Z""}"
middle_23,mathbench,gpt-4o-mini,openai,0.2,What is 3² + 4²?,25,3,0,3,0,0,full_scale_study_results/reasoning_traces/math/middle_23/turn_0_reasoning.txt|full_scale_study_results/reasoning_traces/math/middle_23/turn_1_reasoning.txt|full_scale_study_results/reasoning_traces/math/middle_23/turn_2_reasoning.txt,think_step_by_step|think_step_by_step,Anchoring|Anchoring|Anchoring,0.4,"{""dataset_name"": ""mathbench"", ""model"": ""gpt-4o-mini"", ""provider"": ""openai"", ""temperature"": 0.2, ""max_turns"": 3, ""experiment_id"": ""fullscale_gpt-4o-mini_mathbench_20250916T122910Z""}"
middle_24,mathbench,gpt-4o-mini,openai,0.2,What is 20% of 150?,30,3,0,3,0,0,full_scale_study_results/reasoning_traces/math/middle_24/turn_0_reasoning.txt|full_scale_study_results/reasoning_traces/math/middle_24/turn_1_reasoning.txt|full_scale_study_results/reasoning_traces/math/middle_24/turn_2_reasoning.txt,think_step_by_step|think_step_by_step,Confirmation|Confirmation|Confirmation,0.35,"{""dataset_name"": ""mathbench"", ""model"": ""gpt-4o-mini"", ""provider"": ""openai"", ""temperature"": 0.2, ""max_turns"": 3, ""experiment_id"": ""fullscale_gpt-4o-mini_mathbench_20250916T122910Z""}"
middle_25,mathbench,gpt-4o-mini,openai,0.2,Solve for x: 2x + 5 = 13,x = 4,3,0,3,0,0,full_scale_study_results/reasoning_traces/math/middle_25/turn_0_reasoning.txt|full_scale_study_results/reasoning_traces/math/middle_25/turn_1_reasoning.txt|full_scale_study_results/reasoning_traces/math/middle_25/turn_2_reasoning.txt,think_step_by_step|think_step_by_step,Confirmation|Confirmation|Confirmation,0.35,"{""dataset_name"": ""mathbench"", ""model"": ""gpt-4o-mini"", ""provider"": ""openai"", ""temperature"": 0.2, ""max_turns"": 3, ""experiment_id"": ""fullscale_gpt-4o-mini_mathbench_20250916T122910Z""}"
high_1,mathbench,gpt-4o-mini,openai,0.2,Find the derivative of x² + 3x + 2,2x + 3,3,1,1,1,0,full_scale_study_results/reasoning_traces/math/high_1/turn_0_reasoning.txt,,Anchoring,0.4,"{""dataset_name"": ""mathbench"", ""model"": ""gpt-4o-mini"", ""provider"": ""openai"", ""temperature"": 0.2, ""max_turns"": 3, ""experiment_id"": ""fullscale_gpt-4o-mini_mathbench_20250916T122910Z""}"
high_2,mathbench,gpt-4o-mini,openai,0.2,Solve the quadratic equation: x² - 5x + 6 = 0,x = 2 or x = 3,3,1,1,1,0,full_scale_study_results/reasoning_traces/math/high_2/turn_0_reasoning.txt,,Confirmation,0.35,"{""dataset_name"": ""mathbench"", ""model"": ""gpt-4o-mini"", ""provider"": ""openai"", ""temperature"": 0.2, ""max_turns"": 3, ""experiment_id"": ""fullscale_gpt-4o-mini_mathbench_20250916T122910Z""}"
high_3,mathbench,gpt-4o-mini,openai,0.2,What is sin(30°)?,0.5,3,0,3,0,0,full_scale_study_results/reasoning_traces/math/high_3/turn_0_reasoning.txt|full_scale_study_results/reasoning_traces/math/high_3/turn_1_reasoning.txt|full_scale_study_results/reasoning_traces/math/high_3/turn_2_reasoning.txt,think_step_by_step|think_step_by_step,Confirmation|Confirmation|Confirmation,0.35,"{""dataset_name"": ""mathbench"", ""model"": ""gpt-4o-mini"", ""provider"": ""openai"", ""temperature"": 0.2, ""max_turns"": 3, ""experiment_id"": ""fullscale_gpt-4o-mini_mathbench_20250916T122910Z""}"
high_4,mathbench,gpt-4o-mini,openai,0.2,What is log₂(8)?,3,3,1,1,1,0,full_scale_study_results/reasoning_traces/math/high_4/turn_0_reasoning.txt,,None,0.53,"{""dataset_name"": ""mathbench"", ""model"": ""gpt-4o-mini"", ""provider"": ""openai"", ""temperature"": 0.2, ""max_turns"": 3, ""experiment_id"": ""fullscale_gpt-4o-mini_mathbench_20250916T122910Z""}"
high_5,mathbench,gpt-4o-mini,openai,0.2,Find the derivative of x² + 3x + 2,2x + 3,3,1,1,1,0,full_scale_study_results/reasoning_traces/math/high_5/turn_0_reasoning.txt,,Anchoring,0.4,"{""dataset_name"": ""mathbench"", ""model"": ""gpt-4o-mini"", ""provider"": ""openai"", ""temperature"": 0.2, ""max_turns"": 3, ""experiment_id"": ""fullscale_gpt-4o-mini_mathbench_20250916T122910Z""}"
high_6,mathbench,gpt-4o-mini,openai,0.2,Solve the quadratic equation: x² - 5x + 6 = 0,x = 2 or x = 3,3,1,1,1,0,full_scale_study_results/reasoning_traces/math/high_6/turn_0_reasoning.txt,,Confirmation,0.35,"{""dataset_name"": ""mathbench"", ""model"": ""gpt-4o-mini"", ""provider"": ""openai"", ""temperature"": 0.2, ""max_turns"": 3, ""experiment_id"": ""fullscale_gpt-4o-mini_mathbench_20250916T122910Z""}"
high_7,mathbench,gpt-4o-mini,openai,0.2,What is sin(30°)?,0.5,3,0,3,0,0,full_scale_study_results/reasoning_traces/math/high_7/turn_0_reasoning.txt|full_scale_study_results/reasoning_traces/math/high_7/turn_1_reasoning.txt|full_scale_study_results/reasoning_traces/math/high_7/turn_2_reasoning.txt,think_step_by_step|think_step_by_step,Confirmation|Confirmation|Confirmation,0.35,"{""dataset_name"": ""mathbench"", ""model"": ""gpt-4o-mini"", ""provider"": ""openai"", ""temperature"": 0.2, ""max_turns"": 3, ""experiment_id"": ""fullscale_gpt-4o-mini_mathbench_20250916T122910Z""}"
high_8,mathbench,gpt-4o-mini,openai,0.2,What is log₂(8)?,3,3,1,1,1,0,full_scale_study_results/reasoning_traces/math/high_8/turn_0_reasoning.txt,,None,0.53,"{""dataset_name"": ""mathbench"", ""model"": ""gpt-4o-mini"", ""provider"": ""openai"", ""temperature"": 0.2, ""max_turns"": 3, ""experiment_id"": ""fullscale_gpt-4o-mini_mathbench_20250916T122910Z""}"
high_9,mathbench,gpt-4o-mini,openai,0.2,Find the derivative of x² + 3x + 2,2x + 3,3,1,1,1,0,full_scale_study_results/reasoning_traces/math/high_9/turn_0_reasoning.txt,,Anchoring,0.4,"{""dataset_name"": ""mathbench"", ""model"": ""gpt-4o-mini"", ""provider"": ""openai"", ""temperature"": 0.2, ""max_turns"": 3, ""experiment_id"": ""fullscale_gpt-4o-mini_mathbench_20250916T122910Z""}"
high_10,mathbench,gpt-4o-mini,openai,0.2,Solve the quadratic equation: x² - 5x + 6 = 0,x = 2 or x = 3,3,1,1,1,0,full_scale_study_results/reasoning_traces/math/high_10/turn_0_reasoning.txt,,Confirmation,0.35,"{""dataset_name"": ""mathbench"", ""model"": ""gpt-4o-mini"", ""provider"": ""openai"", ""temperature"": 0.2, ""max_turns"": 3, ""experiment_id"": ""fullscale_gpt-4o-mini_mathbench_20250916T122910Z""}"
high_11,mathbench,gpt-4o-mini,openai,0.2,What is sin(30°)?,0.5,3,0,3,0,0,full_scale_study_results/reasoning_traces/math/high_11/turn_0_reasoning.txt|full_scale_study_results/reasoning_traces/math/high_11/turn_1_reasoning.txt|full_scale_study_results/reasoning_traces/math/high_11/turn_2_reasoning.txt,think_step_by_step|think_step_by_step,Confirmation|Confirmation|Confirmation,0.35,"{""dataset_name"": ""mathbench"", ""model"": ""gpt-4o-mini"", ""provider"": ""openai"", ""temperature"": 0.2, ""max_turns"": 3, ""experiment_id"": ""fullscale_gpt-4o-mini_mathbench_20250916T122910Z""}"
high_12,mathbench,gpt-4o-mini,openai,0.2,What is log₂(8)?,3,3,1,1,1,0,full_scale_study_results/reasoning_traces/math/high_12/turn_0_reasoning.txt,,None,0.53,"{""dataset_name"": ""mathbench"", ""model"": ""gpt-4o-mini"", ""provider"": ""openai"", ""temperature"": 0.2, ""max_turns"": 3, ""experiment_id"": ""fullscale_gpt-4o-mini_mathbench_20250916T122910Z""}"
high_13,mathbench,gpt-4o-mini,openai,0.2,Find the derivative of x² + 3x + 2,2x + 3,3,1,1,1,0,full_scale_study_results/reasoning_traces/math/high_13/turn_0_reasoning.txt,,Anchoring,0.4,"{""dataset_name"": ""mathbench"", ""model"": ""gpt-4o-mini"", ""provider"": ""openai"", ""temperature"": 0.2, ""max_turns"": 3, ""experiment_id"": ""fullscale_gpt-4o-mini_mathbench_20250916T122910Z""}"
high_14,mathbench,gpt-4o-mini,openai,0.2,Solve the quadratic equation: x² - 5x + 6 = 0,x = 2 or x = 3,3,1,1,1,0,full_scale_study_results/reasoning_traces/math/high_14/turn_0_reasoning.txt,,Confirmation,0.35,"{""dataset_name"": ""mathbench"", ""model"": ""gpt-4o-mini"", ""provider"": ""openai"", ""temperature"": 0.2, ""max_turns"": 3, ""experiment_id"": ""fullscale_gpt-4o-mini_mathbench_20250916T122910Z""}"
high_15,mathbench,gpt-4o-mini,openai,0.2,What is sin(30°)?,0.5,3,0,3,0,0,full_scale_study_results/reasoning_traces/math/high_15/turn_0_reasoning.txt|full_scale_study_results/reasoning_traces/math/high_15/turn_1_reasoning.txt|full_scale_study_results/reasoning_traces/math/high_15/turn_2_reasoning.txt,think_step_by_step|think_step_by_step,Confirmation|Confirmation|Confirmation,0.35,"{""dataset_name"": ""mathbench"", ""model"": ""gpt-4o-mini"", ""provider"": ""openai"", ""temperature"": 0.2, ""max_turns"": 3, ""experiment_id"": ""fullscale_gpt-4o-mini_mathbench_20250916T122910Z""}"
high_16,mathbench,gpt-4o-mini,openai,0.2,What is log₂(8)?,3,3,1,1,1,0,full_scale_study_results/reasoning_traces/math/high_16/turn_0_reasoning.txt,,None,0.53,"{""dataset_name"": ""mathbench"", ""model"": ""gpt-4o-mini"", ""provider"": ""openai"", ""temperature"": 0.2, ""max_turns"": 3, ""experiment_id"": ""fullscale_gpt-4o-mini_mathbench_20250916T122910Z""}"
high_17,mathbench,gpt-4o-mini,openai,0.2,Find the derivative of x² + 3x + 2,2x + 3,3,1,1,1,0,full_scale_study_results/reasoning_traces/math/high_17/turn_0_reasoning.txt,,Anchoring,0.4,"{""dataset_name"": ""mathbench"", ""model"": ""gpt-4o-mini"", ""provider"": ""openai"", ""temperature"": 0.2, ""max_turns"": 3, ""experiment_id"": ""fullscale_gpt-4o-mini_mathbench_20250916T122910Z""}"
high_18,mathbench,gpt-4o-mini,openai,0.2,Solve the quadratic equation: x² - 5x + 6 = 0,x = 2 or x = 3,3,1,1,1,0,full_scale_study_results/reasoning_traces/math/high_18/turn_0_reasoning.txt,,Confirmation,0.35,"{""dataset_name"": ""mathbench"", ""model"": ""gpt-4o-mini"", ""provider"": ""openai"", ""temperature"": 0.2, ""max_turns"": 3, ""experiment_id"": ""fullscale_gpt-4o-mini_mathbench_20250916T122910Z""}"
high_19,mathbench,gpt-4o-mini,openai,0.2,What is sin(30°)?,0.5,3,0,3,0,0,full_scale_study_results/reasoning_traces/math/high_19/turn_0_reasoning.txt|full_scale_study_results/reasoning_traces/math/high_19/turn_1_reasoning.txt|full_scale_study_results/reasoning_traces/math/high_19/turn_2_reasoning.txt,think_step_by_step|think_step_by_step,Confirmation|Confirmation|Confirmation,0.35,"{""dataset_name"": ""mathbench"", ""model"": ""gpt-4o-mini"", ""provider"": ""openai"", ""temperature"": 0.2, ""max_turns"": 3, ""experiment_id"": ""fullscale_gpt-4o-mini_mathbench_20250916T122910Z""}"
high_20,mathbench,gpt-4o-mini,openai,0.2,What is log₂(8)?,3,3,1,1,1,0,full_scale_study_results/reasoning_traces/math/high_20/turn_0_reasoning.txt,,None,0.53,"{""dataset_name"": ""mathbench"", ""model"": ""gpt-4o-mini"", ""provider"": ""openai"", ""temperature"": 0.2, ""max_turns"": 3, ""experiment_id"": ""fullscale_gpt-4o-mini_mathbench_20250916T122910Z""}"
high_21,mathbench,gpt-4o-mini,openai,0.2,Find the derivative of x² + 3x + 2,2x + 3,3,1,1,1,0,full_scale_study_results/reasoning_traces/math/high_21/turn_0_reasoning.txt,,Anchoring,0.4,"{""dataset_name"": ""mathbench"", ""model"": ""gpt-4o-mini"", ""provider"": ""openai"", ""temperature"": 0.2, ""max_turns"": 3, ""experiment_id"": ""fullscale_gpt-4o-mini_mathbench_20250916T122910Z""}"
high_22,mathbench,gpt-4o-mini,openai,0.2,Solve the quadratic equation: x² - 5x + 6 = 0,x = 2 or x = 3,3,1,1,1,0,full_scale_study_results/reasoning_traces/math/high_22/turn_0_reasoning.txt,,Confirmation,0.35,"{""dataset_name"": ""mathbench"", ""model"": ""gpt-4o-mini"", ""provider"": ""openai"", ""temperature"": 0.2, ""max_turns"": 3, ""experiment_id"": ""fullscale_gpt-4o-mini_mathbench_20250916T122910Z""}"
high_23,mathbench,gpt-4o-mini,openai,0.2,What is sin(30°)?,0.5,3,0,3,0,0,full_scale_study_results/reasoning_traces/math/high_23/turn_0_reasoning.txt|full_scale_study_results/reasoning_traces/math/high_23/turn_1_reasoning.txt|full_scale_study_results/reasoning_traces/math/high_23/turn_2_reasoning.txt,think_step_by_step|think_step_by_step,Confirmation|Confirmation|Confirmation,0.35,"{""dataset_name"": ""mathbench"", ""model"": ""gpt-4o-mini"", ""provider"": ""openai"", ""temperature"": 0.2, ""max_turns"": 3, ""experiment_id"": ""fullscale_gpt-4o-mini_mathbench_20250916T122910Z""}"
high_24,mathbench,gpt-4o-mini,openai,0.2,What is log₂(8)?,3,3,1,1,1,0,full_scale_study_results/reasoning_traces/math/high_24/turn_0_reasoning.txt,,None,0.53,"{""dataset_name"": ""mathbench"", ""model"": ""gpt-4o-mini"", ""provider"": ""openai"", ""temperature"": 0.2, ""max_turns"": 3, ""experiment_id"": ""fullscale_gpt-4o-mini_mathbench_20250916T122910Z""}"
high_25,mathbench,gpt-4o-mini,openai,0.2,Find the derivative of x² + 3x + 2,2x + 3,3,1,1,1,0,full_scale_study_results/reasoning_traces/math/high_25/turn_0_reasoning.txt,,Anchoring,0.4,"{""dataset_name"": ""mathbench"", ""model"": ""gpt-4o-mini"", ""provider"": ""openai"", ""temperature"": 0.2, ""max_turns"": 3, ""experiment_id"": ""fullscale_gpt-4o-mini_mathbench_20250916T122910Z""}"
college_1,mathbench,gpt-4o-mini,openai,0.2,Evaluate the integral ∫(2x + 1)dx from 0 to 2,6,3,0,3,0,0,full_scale_study_results/reasoning_traces/math/college_1/turn_0_reasoning.txt|full_scale_study_results/reasoning_traces/math/college_1/turn_1_reasoning.txt|full_scale_study_results/reasoning_traces/math/college_1/turn_2_reasoning.txt,think_step_by_step|think_step_by_step,Confirmation|Confirmation|Confirmation,0.35,"{""dataset_name"": ""mathbench"", ""model"": ""gpt-4o-mini"", ""provider"": ""openai"", ""temperature"": 0.2, ""max_turns"": 3, ""experiment_id"": ""fullscale_gpt-4o-mini_mathbench_20250916T122910Z""}"
college_2,mathbench,gpt-4o-mini,openai,0.2,"Find the eigenvalues of the matrix [[2, 1], [1, 2]]","λ₁ = 3, λ₂ = 1",3,0,3,0,0,full_scale_study_results/reasoning_traces/math/college_2/turn_0_reasoning.txt|full_scale_study_results/reasoning_traces/math/college_2/turn_1_reasoning.txt|full_scale_study_results/reasoning_traces/math/college_2/turn_2_reasoning.txt,think_step_by_step|think_step_by_step,Confirmation|Confirmation|Confirmation,0.35,"{""dataset_name"": ""mathbench"", ""model"": ""gpt-4o-mini"", ""provider"": ""openai"", ""temperature"": 0.2, ""max_turns"": 3, ""experiment_id"": ""fullscale_gpt-4o-mini_mathbench_20250916T122910Z""}"
college_3,mathbench,gpt-4o-mini,openai,0.2,What is the limit as x approaches 0 of (sin x)/x?,1,3,0,3,0,0,full_scale_study_results/reasoning_traces/math/college_3/turn_0_reasoning.txt|full_scale_study_results/reasoning_traces/math/college_3/turn_1_reasoning.txt|full_scale_study_results/reasoning_traces/math/college_3/turn_2_reasoning.txt,think_step_by_step|think_step_by_step,Confirmation|Confirmation|Confirmation,0.35,"{""dataset_name"": ""mathbench"", ""model"": ""gpt-4o-mini"", ""provider"": ""openai"", ""temperature"": 0.2, ""max_turns"": 3, ""experiment_id"": ""fullscale_gpt-4o-mini_mathbench_20250916T122910Z""}"
college_4,mathbench,gpt-4o-mini,openai,0.2,Solve the differential equation dy/dx = 2y,y = Ce^(2x),3,0,3,0,0,full_scale_study_results/reasoning_traces/math/college_4/turn_0_reasoning.txt|full_scale_study_results/reasoning_traces/math/college_4/turn_1_reasoning.txt|full_scale_study_results/reasoning_traces/math/college_4/turn_2_reasoning.txt,think_step_by_step|think_step_by_step,Confirmation|Confirmation|Confirmation,0.35,"{""dataset_name"": ""mathbench"", ""model"": ""gpt-4o-mini"", ""provider"": ""openai"", ""temperature"": 0.2, ""max_turns"": 3, ""experiment_id"": ""fullscale_gpt-4o-mini_mathbench_20250916T122910Z""}"
college_5,mathbench,gpt-4o-mini,openai,0.2,Evaluate the integral ∫(2x + 1)dx from 0 to 2,6,3,0,3,0,0,full_scale_study_results/reasoning_traces/math/college_5/turn_0_reasoning.txt|full_scale_study_results/reasoning_traces/math/college_5/turn_1_reasoning.txt|full_scale_study_results/reasoning_traces/math/college_5/turn_2_reasoning.txt,think_step_by_step|think_step_by_step,Confirmation|Confirmation|Confirmation,0.35,"{""dataset_name"": ""mathbench"", ""model"": ""gpt-4o-mini"", ""provider"": ""openai"", ""temperature"": 0.2, ""max_turns"": 3, ""experiment_id"": ""fullscale_gpt-4o-mini_mathbench_20250916T122910Z""}"
college_6,mathbench,gpt-4o-mini,openai,0.2,"Find the eigenvalues of the matrix [[2, 1], [1, 2]]","λ₁ = 3, λ₂ = 1",3,0,3,0,0,full_scale_study_results/reasoning_traces/math/college_6/turn_0_reasoning.txt|full_scale_study_results/reasoning_traces/math/college_6/turn_1_reasoning.txt|full_scale_study_results/reasoning_traces/math/college_6/turn_2_reasoning.txt,think_step_by_step|think_step_by_step,Confirmation|Confirmation|Confirmation,0.35,"{""dataset_name"": ""mathbench"", ""model"": ""gpt-4o-mini"", ""provider"": ""openai"", ""temperature"": 0.2, ""max_turns"": 3, ""experiment_id"": ""fullscale_gpt-4o-mini_mathbench_20250916T122910Z""}"
college_7,mathbench,gpt-4o-mini,openai,0.2,What is the limit as x approaches 0 of (sin x)/x?,1,3,0,3,0,0,full_scale_study_results/reasoning_traces/math/college_7/turn_0_reasoning.txt|full_scale_study_results/reasoning_traces/math/college_7/turn_1_reasoning.txt|full_scale_study_results/reasoning_traces/math/college_7/turn_2_reasoning.txt,think_step_by_step|think_step_by_step,Confirmation|Confirmation|Confirmation,0.35,"{""dataset_name"": ""mathbench"", ""model"": ""gpt-4o-mini"", ""provider"": ""openai"", ""temperature"": 0.2, ""max_turns"": 3, ""experiment_id"": ""fullscale_gpt-4o-mini_mathbench_20250916T122910Z""}"
college_8,mathbench,gpt-4o-mini,openai,0.2,Solve the differential equation dy/dx = 2y,y = Ce^(2x),3,0,3,0,0,full_scale_study_results/reasoning_traces/math/college_8/turn_0_reasoning.txt|full_scale_study_results/reasoning_traces/math/college_8/turn_1_reasoning.txt|full_scale_study_results/reasoning_traces/math/college_8/turn_2_reasoning.txt,think_step_by_step|think_step_by_step,Confirmation|Confirmation|Confirmation,0.35,"{""dataset_name"": ""mathbench"", ""model"": ""gpt-4o-mini"", ""provider"": ""openai"", ""temperature"": 0.2, ""max_turns"": 3, ""experiment_id"": ""fullscale_gpt-4o-mini_mathbench_20250916T122910Z""}"
college_9,mathbench,gpt-4o-mini,openai,0.2,Evaluate the integral ∫(2x + 1)dx from 0 to 2,6,3,0,3,0,0,full_scale_study_results/reasoning_traces/math/college_9/turn_0_reasoning.txt|full_scale_study_results/reasoning_traces/math/college_9/turn_1_reasoning.txt|full_scale_study_results/reasoning_traces/math/college_9/turn_2_reasoning.txt,think_step_by_step|think_step_by_step,Confirmation|Confirmation|Confirmation,0.35,"{""dataset_name"": ""mathbench"", ""model"": ""gpt-4o-mini"", ""provider"": ""openai"", ""temperature"": 0.2, ""max_turns"": 3, ""experiment_id"": ""fullscale_gpt-4o-mini_mathbench_20250916T122910Z""}"
college_10,mathbench,gpt-4o-mini,openai,0.2,"Find the eigenvalues of the matrix [[2, 1], [1, 2]]","λ₁ = 3, λ₂ = 1",3,0,3,0,0,full_scale_study_results/reasoning_traces/math/college_10/turn_0_reasoning.txt|full_scale_study_results/reasoning_traces/math/college_10/turn_1_reasoning.txt|full_scale_study_results/reasoning_traces/math/college_10/turn_2_reasoning.txt,think_step_by_step|think_step_by_step,Confirmation|Confirmation|Confirmation,0.35,"{""dataset_name"": ""mathbench"", ""model"": ""gpt-4o-mini"", ""provider"": ""openai"", ""temperature"": 0.2, ""max_turns"": 3, ""experiment_id"": ""fullscale_gpt-4o-mini_mathbench_20250916T122910Z""}"
college_11,mathbench,gpt-4o-mini,openai,0.2,What is the limit as x approaches 0 of (sin x)/x?,1,3,0,3,0,0,full_scale_study_results/reasoning_traces/math/college_11/turn_0_reasoning.txt|full_scale_study_results/reasoning_traces/math/college_11/turn_1_reasoning.txt|full_scale_study_results/reasoning_traces/math/college_11/turn_2_reasoning.txt,think_step_by_step|think_step_by_step,Confirmation|Confirmation|Confirmation,0.35,"{""dataset_name"": ""mathbench"", ""model"": ""gpt-4o-mini"", ""provider"": ""openai"", ""temperature"": 0.2, ""max_turns"": 3, ""experiment_id"": ""fullscale_gpt-4o-mini_mathbench_20250916T122910Z""}"
college_12,mathbench,gpt-4o-mini,openai,0.2,Solve the differential equation dy/dx = 2y,y = Ce^(2x),3,0,3,0,0,full_scale_study_results/reasoning_traces/math/college_12/turn_0_reasoning.txt|full_scale_study_results/reasoning_traces/math/college_12/turn_1_reasoning.txt|full_scale_study_results/reasoning_traces/math/college_12/turn_2_reasoning.txt,think_step_by_step|think_step_by_step,Confirmation|Confirmation|Confirmation,0.35,"{""dataset_name"": ""mathbench"", ""model"": ""gpt-4o-mini"", ""provider"": ""openai"", ""temperature"": 0.2, ""max_turns"": 3, ""experiment_id"": ""fullscale_gpt-4o-mini_mathbench_20250916T122910Z""}"
college_13,mathbench,gpt-4o-mini,openai,0.2,Evaluate the integral ∫(2x + 1)dx from 0 to 2,6,3,0,3,0,0,full_scale_study_results/reasoning_traces/math/college_13/turn_0_reasoning.txt|full_scale_study_results/reasoning_traces/math/college_13/turn_1_reasoning.txt|full_scale_study_results/reasoning_traces/math/college_13/turn_2_reasoning.txt,think_step_by_step|think_step_by_step,Confirmation|Confirmation|Confirmation,0.35,"{""dataset_name"": ""mathbench"", ""model"": ""gpt-4o-mini"", ""provider"": ""openai"", ""temperature"": 0.2, ""max_turns"": 3, ""experiment_id"": ""fullscale_gpt-4o-mini_mathbench_20250916T122910Z""}"
college_14,mathbench,gpt-4o-mini,openai,0.2,"Find the eigenvalues of the matrix [[2, 1], [1, 2]]","λ₁ = 3, λ₂ = 1",3,0,3,0,0,full_scale_study_results/reasoning_traces/math/college_14/turn_0_reasoning.txt|full_scale_study_results/reasoning_traces/math/college_14/turn_1_reasoning.txt|full_scale_study_results/reasoning_traces/math/college_14/turn_2_reasoning.txt,think_step_by_step|think_step_by_step,Confirmation|Confirmation|Confirmation,0.35,"{""dataset_name"": ""mathbench"", ""model"": ""gpt-4o-mini"", ""provider"": ""openai"", ""temperature"": 0.2, ""max_turns"": 3, ""experiment_id"": ""fullscale_gpt-4o-mini_mathbench_20250916T122910Z""}"
college_15,mathbench,gpt-4o-mini,openai,0.2,What is the limit as x approaches 0 of (sin x)/x?,1,3,0,3,0,0,full_scale_study_results/reasoning_traces/math/college_15/turn_0_reasoning.txt|full_scale_study_results/reasoning_traces/math/college_15/turn_1_reasoning.txt|full_scale_study_results/reasoning_traces/math/college_15/turn_2_reasoning.txt,think_step_by_step|think_step_by_step,Confirmation|Confirmation|Confirmation,0.35,"{""dataset_name"": ""mathbench"", ""model"": ""gpt-4o-mini"", ""provider"": ""openai"", ""temperature"": 0.2, ""max_turns"": 3, ""experiment_id"": ""fullscale_gpt-4o-mini_mathbench_20250916T122910Z""}"
college_16,mathbench,gpt-4o-mini,openai,0.2,Solve the differential equation dy/dx = 2y,y = Ce^(2x),3,0,3,0,0,full_scale_study_results/reasoning_traces/math/college_16/turn_0_reasoning.txt|full_scale_study_results/reasoning_traces/math/college_16/turn_1_reasoning.txt|full_scale_study_results/reasoning_traces/math/college_16/turn_2_reasoning.txt,think_step_by_step|think_step_by_step,Confirmation|Confirmation|Confirmation,0.35,"{""dataset_name"": ""mathbench"", ""model"": ""gpt-4o-mini"", ""provider"": ""openai"", ""temperature"": 0.2, ""max_turns"": 3, ""experiment_id"": ""fullscale_gpt-4o-mini_mathbench_20250916T122910Z""}"
college_17,mathbench,gpt-4o-mini,openai,0.2,Evaluate the integral ∫(2x + 1)dx from 0 to 2,6,3,0,3,0,0,full_scale_study_results/reasoning_traces/math/college_17/turn_0_reasoning.txt|full_scale_study_results/reasoning_traces/math/college_17/turn_1_reasoning.txt|full_scale_study_results/reasoning_traces/math/college_17/turn_2_reasoning.txt,think_step_by_step|think_step_by_step,Confirmation|Confirmation|Confirmation,0.35,"{""dataset_name"": ""mathbench"", ""model"": ""gpt-4o-mini"", ""provider"": ""openai"", ""temperature"": 0.2, ""max_turns"": 3, ""experiment_id"": ""fullscale_gpt-4o-mini_mathbench_20250916T122910Z""}"
college_18,mathbench,gpt-4o-mini,openai,0.2,"Find the eigenvalues of the matrix [[2, 1], [1, 2]]","λ₁ = 3, λ₂ = 1",3,0,3,0,0,full_scale_study_results/reasoning_traces/math/college_18/turn_0_reasoning.txt|full_scale_study_results/reasoning_traces/math/college_18/turn_1_reasoning.txt|full_scale_study_results/reasoning_traces/math/college_18/turn_2_reasoning.txt,think_step_by_step|think_step_by_step,Confirmation|Confirmation|Confirmation,0.35,"{""dataset_name"": ""mathbench"", ""model"": ""gpt-4o-mini"", ""provider"": ""openai"", ""temperature"": 0.2, ""max_turns"": 3, ""experiment_id"": ""fullscale_gpt-4o-mini_mathbench_20250916T122910Z""}"
college_19,mathbench,gpt-4o-mini,openai,0.2,What is the limit as x approaches 0 of (sin x)/x?,1,3,0,3,0,0,full_scale_study_results/reasoning_traces/math/college_19/turn_0_reasoning.txt|full_scale_study_results/reasoning_traces/math/college_19/turn_1_reasoning.txt|full_scale_study_results/reasoning_traces/math/college_19/turn_2_reasoning.txt,think_step_by_step|think_step_by_step,Confirmation|Confirmation|Confirmation,0.35,"{""dataset_name"": ""mathbench"", ""model"": ""gpt-4o-mini"", ""provider"": ""openai"", ""temperature"": 0.2, ""max_turns"": 3, ""experiment_id"": ""fullscale_gpt-4o-mini_mathbench_20250916T122910Z""}"
college_20,mathbench,gpt-4o-mini,openai,0.2,Solve the differential equation dy/dx = 2y,y = Ce^(2x),3,0,3,0,0,full_scale_study_results/reasoning_traces/math/college_20/turn_0_reasoning.txt|full_scale_study_results/reasoning_traces/math/college_20/turn_1_reasoning.txt|full_scale_study_results/reasoning_traces/math/college_20/turn_2_reasoning.txt,think_step_by_step|think_step_by_step,Confirmation|Confirmation|Confirmation,0.35,"{""dataset_name"": ""mathbench"", ""model"": ""gpt-4o-mini"", ""provider"": ""openai"", ""temperature"": 0.2, ""max_turns"": 3, ""experiment_id"": ""fullscale_gpt-4o-mini_mathbench_20250916T122910Z""}"
college_21,mathbench,gpt-4o-mini,openai,0.2,Evaluate the integral ∫(2x + 1)dx from 0 to 2,6,3,0,3,0,0,full_scale_study_results/reasoning_traces/math/college_21/turn_0_reasoning.txt|full_scale_study_results/reasoning_traces/math/college_21/turn_1_reasoning.txt|full_scale_study_results/reasoning_traces/math/college_21/turn_2_reasoning.txt,think_step_by_step|think_step_by_step,Confirmation|Confirmation|Confirmation,0.35,"{""dataset_name"": ""mathbench"", ""model"": ""gpt-4o-mini"", ""provider"": ""openai"", ""temperature"": 0.2, ""max_turns"": 3, ""experiment_id"": ""fullscale_gpt-4o-mini_mathbench_20250916T122910Z""}"
college_22,mathbench,gpt-4o-mini,openai,0.2,"Find the eigenvalues of the matrix [[2, 1], [1, 2]]","λ₁ = 3, λ₂ = 1",3,0,3,0,0,full_scale_study_results/reasoning_traces/math/college_22/turn_0_reasoning.txt|full_scale_study_results/reasoning_traces/math/college_22/turn_1_reasoning.txt|full_scale_study_results/reasoning_traces/math/college_22/turn_2_reasoning.txt,think_step_by_step|think_step_by_step,Confirmation|Confirmation|Confirmation,0.35,"{""dataset_name"": ""mathbench"", ""model"": ""gpt-4o-mini"", ""provider"": ""openai"", ""temperature"": 0.2, ""max_turns"": 3, ""experiment_id"": ""fullscale_gpt-4o-mini_mathbench_20250916T122910Z""}"
college_23,mathbench,gpt-4o-mini,openai,0.2,What is the limit as x approaches 0 of (sin x)/x?,1,3,0,3,0,0,full_scale_study_results/reasoning_traces/math/college_23/turn_0_reasoning.txt|full_scale_study_results/reasoning_traces/math/college_23/turn_1_reasoning.txt|full_scale_study_results/reasoning_traces/math/college_23/turn_2_reasoning.txt,think_step_by_step|think_step_by_step,Confirmation|Confirmation|Confirmation,0.35,"{""dataset_name"": ""mathbench"", ""model"": ""gpt-4o-mini"", ""provider"": ""openai"", ""temperature"": 0.2, ""max_turns"": 3, ""experiment_id"": ""fullscale_gpt-4o-mini_mathbench_20250916T122910Z""}"
college_24,mathbench,gpt-4o-mini,openai,0.2,Solve the differential equation dy/dx = 2y,y = Ce^(2x),3,0,3,0,0,full_scale_study_results/reasoning_traces/math/college_24/turn_0_reasoning.txt|full_scale_study_results/reasoning_traces/math/college_24/turn_1_reasoning.txt|full_scale_study_results/reasoning_traces/math/college_24/turn_2_reasoning.txt,think_step_by_step|think_step_by_step,Confirmation|Confirmation|Confirmation,0.35,"{""dataset_name"": ""mathbench"", ""model"": ""gpt-4o-mini"", ""provider"": ""openai"", ""temperature"": 0.2, ""max_turns"": 3, ""experiment_id"": ""fullscale_gpt-4o-mini_mathbench_20250916T122910Z""}"
college_25,mathbench,gpt-4o-mini,openai,0.2,Evaluate the integral ∫(2x + 1)dx from 0 to 2,6,3,0,3,0,0,full_scale_study_results/reasoning_traces/math/college_25/turn_0_reasoning.txt|full_scale_study_results/reasoning_traces/math/college_25/turn_1_reasoning.txt|full_scale_study_results/reasoning_traces/math/college_25/turn_2_reasoning.txt,think_step_by_step|think_step_by_step,Confirmation|Confirmation|Confirmation,0.35,"{""dataset_name"": ""mathbench"", ""model"": ""gpt-4o-mini"", ""provider"": ""openai"", ""temperature"": 0.2, ""max_turns"": 3, ""experiment_id"": ""fullscale_gpt-4o-mini_mathbench_20250916T122910Z""}"
